date,gnerd_score,visiting_tnerd,home_tnerd,visiting_pnerd,home_pnerd,visiting_team,home_team,visiting_pitcher,home_pitcher
2025-07-21,14.7,7.5,5.6,,8.1,MIL,SEA,Brandon Woodruff,George Kirby
2025-07-21,14.3,8.6,2.9,5.9,11.2,DET,PIT,Jack Flaherty,Paul Skenes
2025-07-21,12.9,8.3,6.7,6.2,4.7,NYY,TOR,Carlos Rodón,Kevin Gausman
2025-07-21,12.3,6.7,5.9,1.8,10.2,BOS,PHI,Walker Buehler,Zack Wheeler
2025-07-21,12.3,2.9,9.3,6.2,,KCR,CHC,Noah Cameron,Ryan Brasier
2025-07-21,11.1,4.6,7.6,5.9,4.0,HOU,ARI,Colton Gordon,Zac Gallen
2025-07-21,10.5,3.5,6.7,5.4,,MIN,LAD,David Festa,Shohei Ohtani
2025-07-21,10.4,7.6,5.8,4.2,3.3,ATH,TEX,Jacob Lopez,Jack Leiter
2025-07-21,8.8,1.9,5.8,4.5,5.5,SFG,ATL,Hayden Birdsong,Bryce Elder
2025-07-21,8.2,2.5,6.2,1.5,6.2,CHW,TBR,Sean Burke,Shane Baz
2025-07-21,8.2,3.0,8.3,1.6,3.5,LAA,NYM,Tyler Anderson,Kodai Senga
2025-07-21,7.0,2.2,6.1,-2.1,7.9,SDP,MIA,Randy Vásquez,Eury Pérez
2025-07-21,6.5,2.4,5.1,1.5,4.0,BAL,CLE,Tomoyuki Sugano,Tanner Bibee
2025-07-21,5.7,3.8,2.0,3.4,2.1,CIN,WSN,Brady Singer,Jake Irvin
2025-07-21,5.4,4.8,2.5,4.5,-1.1,STL,COL,Michael McGreevy,Austin Gomber
2025-07-22,17.7,7.4,5.7,11.0,11.4,MIL,SEA,Jacob Misiorowski,Logan Gilbert
2025-07-22,14.9,7.6,5.9,6.5,9.7,ATH,TEX,J.T. Ginn,Jacob deGrom
2025-07-22,14.5,6.7,5.9,7.4,9.0,BOS,PHI,Richard Fitts,Cristopher Sánchez
2025-07-22,11.9,4.7,7.8,7.2,4.1,HOU,ARI,Framber Valdez,Eduardo Rodriguez
2025-07-22,11.6,2.9,9.4,,5.5,KCR,CHC,Rich Hill,Matthew Boyd
2025-07-22,11.4,8.4,6.5,,3.9,NYY,TOR,Cam Schlittler,Max Scherzer
2025-07-22,10.7,3.8,6.8,2.5,8.2,MIN,LAD,Simeon Woods Richardson,Yoshinobu Yamamoto
2025-07-22,10.7,8.6,2.8,5.6,4.3,DET,PIT,Casey Mize,Mitch Keller
2025-07-22,9.9,2.3,5.2,4.3,7.9,BAL,CLE,Brandon Young,Joey Cantillo
2025-07-22,9.9,3.7,2.2,,6.9,CIN,WSN,Chase Burns,Brad Lord
2025-07-22,9.7,1.9,5.7,5.8,,SFG,ATL,Landen Roupp,Davis Daniel
2025-07-22,9.5,2.6,6.3,3.7,6.4,CHW,TBR,Davis Martin,Drew Rasmussen
2025-07-22,9.3,2.1,6.1,3.1,7.2,SDP,MIA,Stephen Kolek,Edward Cabrera
2025-07-22,7.6,2.8,8.3,2.0,,LAA,NYM,Kyle Hendricks,Frankie Montas
2025-07-22,3.7,4.9,2.3,-0.9,1.2,STL,COL,Erick Fedde,Bradley Blalock
2025-07-23,13.1,4.9,7.9,8.9,4.4,HOU,ARI,Brandon Walter,Brandon Pfaadt
2025-07-23,12.9,6.5,5.8,4.2,9.3,BOS,PHI,Lucas Giolito,Jesús Luzardo
2025-07-23,12.4,8.3,6.5,5.3,4.7,NYY,TOR,Max Fried,Chris Bassitt
2025-07-23,12.3,7.4,5.5,6.7,5.1,MIL,SEA,Quinn Priester,Luis Castillo
2025-07-23,10.5,2.0,6.2,8.6,4.2,SDP,MIA,Dylan Cease,Sandy Alcantara
2025-07-23,9.5,2.8,9.6,4.2,2.4,KCR,CHC,Seth Lugo,Colin Rea
2025-07-23,9.2,1.8,5.7,2.6,8.2,SFG,ATL,Justin Verlander,Spencer Strider
2025-07-23,9.1,7.7,5.8,0.7,3.9,ATH,TEX,JP Sears,Patrick Corbin
2025-07-23,8.5,2.5,6.2,2.5,5.8,CHW,TBR,Jonathan Cannon,Taj Bradley
2025-07-23,8.2,2.4,5.3,3.7,5.0,BAL,CLE,Zach Eflin,Slade Cecconi
2025-07-23,8.2,3.4,6.6,2.0,4.4,MIN,LAD,Chris Paddack,Tyler Glasnow
2025-07-23,8.1,5.0,2.2,4.5,,STL,COL,Andre Pallante,Tanner Gordon
2025-07-23,8.1,3.7,2.3,5.1,5.1,CIN,WSN,Nick Lodolo,Michael Soroka
2025-07-23,6.1,8.7,3.0,,0.2,DET,PIT,Troy Melton,Bailey Falter
2025-07-23,5.7,3.0,8.3,,,LAA,NYM,Brock Burke,Sean Manaea
2025-07-24,13.0,6.6,8.4,4.4,6.6,TOR,DET,Eric Lauer,Reese Olson
2025-07-24,10.9,2.1,4.8,,7.5,SDP,STL,Yu Darvish,Sonny Gray
2025-07-24,8.9,7.6,4.9,2.6,,ATH,HOU,Luis Severino,Jason Alexander
2025-07-24,8.3,5.6,2.8,3.6,4.7,SEA,LAA,Logan Evans,Yusei Kikuchi
2025-07-24,7.3,2.1,5.3,3.8,3.5,BAL,CLE,Charlie Morton,Logan Allen
2025-07-25,12.4,2.2,3.5,8.1,11.0,WSN,MIN,MacKenzie Gore,Zebby Matthews
2025-07-25,12.0,5.7,2.7,7.8,7.9,SEA,LAA,Bryan Woo,José Soriano
2025-07-25,11.6,8.4,2.0,3.2,9.6,NYM,SFG,Clay Holmes,Logan Webb
2025-07-25,11.3,6.0,8.2,3.0,5.5,PHI,NYY,Taijuan Walker,Will Warren
2025-07-25,10.9,6.8,8.5,2.5,4.0,TOR,DET,José Berríos,Keider Montero
2025-07-25,10.8,5.8,5.7,1.0,9.0,ATL,TEX,Joey Wentz,Nathan Eovaldi
2025-07-25,10.6,8.1,3.1,4.1,5.9,ARI,PIT,Ryne Nelson,Mike Burrows
2025-07-25,10.1,6.7,6.5,,3.5,LAD,BOS,Emmet Sheehan,Brayan Bello
2025-07-25,10.0,6.1,7.3,2.3,4.3,MIA,MIL,Cal Quantrill,Freddy Peralta
2025-07-25,9.7,9.5,2.6,2.6,4.7,CHC,CHW,Shota Imanaga,Adrian Houser
2025-07-25,9.1,7.6,4.8,2.0,3.9,ATH,HOU,Jeffrey Springs,Ryan Gusto
2025-07-25,8.6,6.3,3.6,4.6,2.7,TBR,CIN,Zack Littell,Nick Martinez
2025-07-25,8.4,5.2,2.9,5.2,3.5,CLE,KCR,Gavin Williams,Michael Wacha
2025-07-25,7.8,2.1,4.8,6.1,2.5,SDP,STL,Nick Pivetta,Miles Mikolas
2025-07-25,6.0,2.2,2.1,4.3,3.5,COL,BAL,Kyle Freeland,Dean Kremer
2025-07-26,17.3,6.8,8.4,4.8,14.6,TOR,DET,Kevin Gausman,Tarik Skubal
2025-07-26,14.1,6.5,6.5,3.3,11.8,LAD,BOS,Clayton Kershaw,Garrett Crochet
2025-07-26,12.8,7.8,4.7,4.0,9.1,ATH,HOU,Jacob Lopez,Hunter Brown
2025-07-26,11.6,5.9,5.8,5.3,6.2,ATL,TEX,Grant Holmes,Kumar Rocker
2025-07-26,11.0,6.3,3.9,6.4,5.4,TBR,CIN,Ryan Pepiot,Andrew Abbott
2025-07-26,10.5,6.1,8.1,5.5,1.3,PHI,NYY,Ranger Suárez,Marcus Stroman
2025-07-26,10.4,8.4,1.9,5.6,4.8,NYM,SFG,David Peterson,Robbie Ray
2025-07-26,9.8,5.3,2.8,4.3,7.3,CLE,KCR,Tanner Bibee,Kris Bubic
2025-07-26,9.6,6.3,7.4,5.6,-0.1,MIA,MIL,Janson Junk,Jose Quintana
2025-07-26,9.3,7.8,3.0,5.5,2.4,ARI,PIT,Merrill Kelly,Andrew Heaney
2025-07-26,8.8,5.6,2.7,8.1,1.3,SEA,LAA,George Kirby,Tyler Anderson
2025-07-26,8.6,9.5,2.7,5.9,-0.9,CHC,CHW,Cade Horton,Aaron Civale
2025-07-26,8.4,5.3,2.8,5.2,3.5,CLE,KCR,Gavin Williams,Michael Wacha
2025-07-26,6.8,2.1,3.4,1.4,6.6,WSN,MIN,Mitchell Parker,Joe Ryan
2025-07-26,5.7,2.2,2.3,0.6,6.4,COL,BAL,Antonio Senzatela,Trevor Rogers
2025-07-26,5.2,2.4,4.6,-2.3,5.6,SDP,STL,Randy Vásquez,Matthew Liberatore
2025-07-27,15.3,6.4,8.1,10.4,5.7,PHI,NYY,Zack Wheeler,Carlos Rodón
2025-07-27,14.4,6.4,7.2,7.6,,MIA,MIL,Eury Pérez,Brandon Woodruff
2025-07-27,14.0,9.4,2.5,8.1,,CHC,CHW,Ben Brown,Grant Taylor
2025-07-27,12.9,7.6,3.0,4.1,11.2,ARI,PIT,Zac Gallen,Paul Skenes
2025-07-27,12.2,6.9,8.3,3.3,5.9,TOR,DET,Max Scherzer,Jack Flaherty
2025-07-27,11.9,7.8,4.6,5.9,5.4,ATH,HOU,J.T. Ginn,Colton Gordon
2025-07-27,11.1,5.3,2.8,7.6,6.5,CLE,KCR,Joey Cantillo,Noah Cameron
2025-07-27,11.0,5.6,2.7,11.8,2.0,SEA,LAA,Logan Gilbert,Kyle Hendricks
2025-07-27,9.8,6.0,5.7,4.9,3.0,ATL,TEX,Bryce Elder,Jack Leiter
2025-07-27,9.5,6.2,4.0,6.0,3.0,TBR,CIN,Shane Baz,Brady Singer
2025-07-27,8.9,6.4,6.6,2.6,2.2,LAD,BOS,Dustin May,Walker Buehler
2025-07-27,8.5,8.4,1.9,3.3,,NYM,SFG,Kodai Senga,Matt Gage
2025-07-27,7.1,2.3,4.6,3.4,3.9,SDP,STL,Stephen Kolek,Michael McGreevy
2025-07-27,6.1,2.2,3.5,1.9,4.6,WSN,MIN,Jake Irvin,Cole Sands
2025-07-27,2.9,2.0,2.6,0.1,1.1,COL,BAL,Austin Gomber,Tomoyuki Sugano
2025-07-28,17.3,9.5,7.3,5.6,12.3,CHC,MIL,Matthew Boyd,Jacob Misiorowski
2025-07-28,15.4,6.2,3.9,8.3,12.4,LAD,CIN,Yoshinobu Yamamoto,Chase Burns
2025-07-28,13.6,6.0,8.1,6.6,,TBR,NYY,Drew Rasmussen,Cam Schlittler
2025-07-28,12.5,8.9,2.5,5.4,8.2,NYM,SDP,Frankie Montas,Dylan Cease
2025-07-28,12.2,5.9,2.9,7.8,,ATL,KCR,Spencer Strider,Rich Hill
2025-07-28,11.5,6.4,4.6,7.3,4.6,MIA,STL,Edward Cabrera,Andre Pallante
2025-07-28,11.4,7.5,8.4,3.5,,ARI,DET,Eduardo Rodriguez,Troy Melton
2025-07-28,11.0,6.5,2.6,9.6,3.3,PHI,CHW,Cristopher Sánchez,Davis Martin
2025-07-28,11.0,5.8,2.7,10.2,3.2,TEX,LAA,Jacob deGrom,Jack Kochanowicz
2025-07-28,10.5,2.5,4.7,6.6,7.2,WSN,HOU,Brad Lord,Framber Valdez
2025-07-28,9.9,5.5,7.8,5.4,1.0,SEA,ATH,Luis Castillo,JP Sears
2025-07-28,9.6,6.8,3.4,7.0,2.0,BOS,MIN,Richard Fitts,Simeon Woods Richardson
2025-07-28,9.2,6.9,2.7,4.9,3.9,TOR,BAL,Chris Bassitt,Zach Eflin
2025-07-28,6.4,2.8,1.6,4.2,,PIT,SFG,Mitch Keller,Carson Whisenhunt
2025-07-28,6.3,2.0,5.1,0.6,4.8,COL,CLE,Bradley Blalock,Slade Cecconi
2025-07-29,13.1,7.5,8.5,4.3,5.8,ARI,DET,Brandon Pfaadt,Casey Mize
2025-07-29,13.1,9.5,7.6,2.4,6.7,CHC,MIL,Colin Rea,Quinn Priester
2025-07-29,11.9,5.9,7.7,,5.1,TBR,NYY,Joe Boyle,Max Fried
2025-07-29,11.4,6.2,4.6,4.4,7.6,MIA,STL,Sandy Alcantara,Sonny Gray
2025-07-29,10.8,6.2,3.9,6.3,5.4,LAD,CIN,Tyler Glasnow,Nick Lodolo
2025-07-29,10.5,6.4,2.5,9.1,2.9,PHI,CHW,Jesús Luzardo,Jonathan Cannon
2025-07-29,9.7,5.6,7.7,3.1,3.0,SEA,ATH,Logan Evans,Luis Severino
2025-07-29,9.5,7.0,2.9,4.5,,TOR,BAL,Eric Lauer,TBD
2025-07-29,9.3,6.9,3.6,4.1,,BOS,MIN,Lucas Giolito,TBD
2025-07-29,8.9,7.0,2.9,4.1,3.7,TOR,BAL,Easton Lucas,Charlie Morton
2025-07-29,8.8,5.7,2.9,4.3,4.6,TEX,LAA,Patrick Corbin,Yusei Kikuchi
2025-07-29,8.1,8.9,2.7,,2.3,NYM,SDP,Sean Manaea,Ryan Bergert
2025-07-29,7.1,2.0,4.9,3.7,3.6,COL,CLE,Tanner Gordon,Logan Allen
2025-07-29,6.2,5.9,3.0,-0.7,4.1,ATL,KCR,Erick Fedde,Seth Lugo
2025-07-29,5.5,2.4,4.4,4.4,-0.2,WSN,HOU,Michael Soroka,Jason Alexander
2025-07-29,3.4,2.8,1.6,0.6,1.7,PIT,SFG,Bailey Falter,Justin Verlander
2025-07-30,13.0,7.0,3.6,3.5,12.0,BOS,MIN,Brayan Bello,Zebby Matthews
2025-07-30,12.6,5.7,2.8,8.7,8.0,TEX,LAA,Nathan Eovaldi,José Soriano
2025-07-30,12.2,9.5,7.9,2.3,4.6,CHC,MIL,Shota Imanaga,Freddy Peralta
2025-07-30,11.7,5.9,7.5,4.4,5.5,TBR,NYY,Zack Littell,Will Warren
2025-07-30,11.4,5.6,7.6,7.5,2.1,SEA,ATH,Bryan Woo,Jeffrey Springs
2025-07-30,11.1,7.3,8.6,3.7,2.5,ARI,DET,Ryne Nelson,Chris Paddack
2025-07-30,10.1,2.9,1.6,6.4,9.4,PIT,SFG,Mike Burrows,Logan Webb
2025-07-30,9.5,6.1,3.2,1.7,7.9,ATL,KCR,Joey Wentz,Angel Zerpa
2025-07-30,9.0,2.4,4.5,7.4,3.8,WSN,HOU,MacKenzie Gore,Ryan Gusto
2025-07-30,8.8,8.7,2.6,3.1,,NYM,SDP,Clay Holmes,Yu Darvish
2025-07-30,8.1,6.9,3.1,2.6,3.7,TOR,BAL,José Berríos,Dean Kremer
2025-07-30,7.8,6.4,2.4,2.8,3.9,PHI,CHW,Taijuan Walker,Adrian Houser
2025-07-30,7.7,6.1,4.6,2.5,2.3,MIA,STL,Cal Quantrill,Miles Mikolas
2025-07-30,7.7,6.1,3.7,,2.7,LAD,CIN,Shohei Ohtani,Nick Martinez
2025-07-30,6.8,2.0,5.1,4.2,2.3,COL,CLE,Kyle Freeland,Kolby Allard
2025-07-31,12.7,5.7,5.6,5.9,8.2,TEX,SEA,Kumar Rocker,George Kirby
2025-07-31,10.1,5.9,7.5,6.2,0.6,TBR,NYY,Ryan Pepiot,Marcus Stroman
2025-07-31,8.7,6.1,3.7,2.4,5.3,ATL,CIN,Carlos Carrasco,Andrew Abbott
2025-08-01,14.9,4.5,7.4,9.0,,HOU,BOS,Hunter Brown,Cooper Criswell
2025-08-01,13.5,8.8,6.4,6.1,5.7,DET,PHI,Jack Flaherty,Ranger Suárez
2025-08-01,12.9,7.7,6.3,5.9,5.9,NYY,MIA,Carlos Rodón,Janson Junk
2025-08-01,12.6,5.3,5.6,3.1,11.2,TEX,SEA,Jack Leiter,Logan Gilbert
2025-08-01,12.4,3.0,9.5,6.4,5.9,BAL,CHC,Trevor Rogers,Cade Horton
2025-08-01,10.4,6.2,5.7,3.0,6.0,LAD,TBR,Clayton Kershaw,Shane Baz
2025-08-01,10.2,3.6,5.1,6.7,5.0,MIN,CLE,Joe Ryan,Gavin Williams
2025-08-01,10.1,1.6,8.5,4.5,5.6,SFG,NYM,Robbie Ray,David Peterson
2025-08-01,9.4,4.6,3.0,5.2,6.0,STL,SDP,Matthew Liberatore,Nick Pivetta
2025-08-01,8.6,5.6,3.8,4.4,3.3,ATL,CIN,Bryce Elder,Brady Singer
2025-08-01,8.5,3.1,6.8,3.6,,KCR,TOR,Michael Wacha,TBD
2025-08-01,7.6,7.2,7.9,,,ARI,ATH,TBD,TBD
2025-08-01,5.6,7.9,2.2,-0.4,1.5,MIL,WSN,Jose Quintana,Mitchell Parker
2025-08-01,3.9,3.1,1.8,2.4,0.5,PIT,COL,Andrew Heaney,Antonio Senzatela
2025-08-01,3.7,2.4,2.7,,1.1,CHW,LAA,TBD,Tyler Anderson
2025-08-02,19.8,8.7,6.4,14.4,10.1,DET,PHI,Tarik Skubal,Zack Wheeler
2025-08-02,15.2,5.6,3.7,6.9,14.1,ATL,CIN,Spencer Strider,Chase Burns
2025-08-02,14.5,8.0,6.4,,7.3,NYY,MIA,Cam Schlittler,Eury Pérez
2025-08-02,12.7,7.2,7.9,4.2,6.0,ARI,ATH,Zac Gallen,J.T. Ginn
2025-08-02,12.3,6.1,5.6,,6.4,LAD,TBR,Blake Snell,Drew Rasmussen
2025-08-02,10.9,5.2,5.7,5.4,5.4,TEX,SEA,Merrill Kelly,Luis Castillo
2025-08-02,10.7,3.2,6.7,6.5,4.9,KCR,TOR,Noah Cameron,Max Scherzer
2025-08-02,10.5,8.1,2.2,8.6,2.1,MIL,WSN,Brandon Woodruff,Jake Irvin
2025-08-02,9.7,4.6,7.3,5.7,1.7,HOU,BOS,Colton Gordon,Walker Buehler
2025-08-02,9.4,2.9,9.4,1.5,5.0,BAL,CHC,Tomoyuki Sugano,Matthew Boyd
2025-08-02,8.0,3.4,5.1,3.0,4.5,MIN,CLE,Bailey Ober,Tanner Bibee
2025-08-02,7.7,2.9,2.0,11.2,-0.9,PIT,COL,Paul Skenes,Austin Gomber
2025-08-02,7.6,1.5,8.5,,2.6,SFG,NYM,Kai-Wei Teng,Kodai Senga
2025-08-02,4.2,4.5,2.7,3.4,-2.3,STL,SDP,Michael McGreevy,Randy Vásquez
2025-08-02,3.6,2.5,2.8,0.1,1.9,CHW,LAA,Aaron Civale,Kyle Hendricks
2025-08-03,14.2,5.4,3.8,,14.2,ATL,CIN,Austin Cox,Chase Burns
2025-08-03,14.0,8.8,6.3,3.5,9.5,DET,PHI,Charlie Morton,Cristopher Sánchez
2025-08-03,13.3,7.9,6.4,,7.2,NYY,MIA,Luis Gil,Edward Cabrera
2025-08-03,13.2,6.1,5.6,8.4,6.3,LAD,TBR,Yoshinobu Yamamoto,Joe Boyle
2025-08-03,13.0,8.1,2.1,8.8,6.9,MIL,WSN,Logan Henderson,Brad Lord
2025-08-03,12.2,5.1,5.7,10.1,3.4,TEX,SEA,Jacob deGrom,Logan Evans
2025-08-03,11.9,4.8,7.5,7.7,3.8,HOU,BOS,Framber Valdez,Lucas Giolito
2025-08-03,11.8,7.3,7.9,3.4,,ARI,ATH,Eduardo Rodriguez,Jack Perkins
2025-08-03,10.3,3.5,5.1,,7.0,MIN,CLE,José Ureña,Joey Cantillo
2025-08-03,10.0,4.6,2.7,4.7,8.1,STL,SDP,Andre Pallante,Dylan Cease
2025-08-03,9.5,1.6,8.4,,4.0,SFG,NYM,Carson Whisenhunt,Frankie Montas
2025-08-03,9.4,2.9,9.5,4.1,2.3,BAL,CHC,Brandon Young,Colin Rea
2025-08-03,9.3,3.2,6.6,4.0,4.9,KCR,TOR,Seth Lugo,Chris Bassitt
2025-08-03,5.8,2.9,2.1,4.0,2.5,PIT,COL,Mitch Keller,Bradley Blalock
2025-08-03,4.9,2.4,2.6,1.8,2.9,CHW,LAA,Sean Burke,Jack Kochanowicz
2025-08-04,11.9,3.8,9.5,6.0,4.5,CIN,CHC,Nick Lodolo,Michael Soroka
2025-08-04,11.7,5.1,8.4,4.9,,CLE,NYM,Slade Cecconi,Sean Manaea
2025-08-04,11.6,4.5,6.1,7.5,5.0,STL,LAD,Sonny Gray,Tyler Glasnow
2025-08-04,11.4,2.8,6.3,4.9,8.8,BAL,PHI,Cade Povich,Jesús Luzardo
2025-08-04,11.3,8.0,5.0,5.3,4.2,NYY,TEX,Max Fried,Patrick Corbin
2025-08-04,11.2,3.3,8.7,,5.4,MIN,DET,TBD,Casey Mize
2025-08-04,10.1,8.2,5.7,6.8,-0.4,MIL,ATL,Quinn Priester,Erick Fedde
2025-08-04,8.4,4.5,6.6,1.5,4.3,HOU,MIA,Jason Alexander,Sandy Alcantara
2025-08-04,8.3,5.5,2.8,3.9,4.4,TBR,LAA,Adrian Houser,Yusei Kikuchi
2025-08-04,7.7,2.7,7.4,1.0,4.3,SDP,ARI,JP Sears,Brandon Pfaadt
2025-08-04,7.6,6.5,2.1,4.6,2.0,TOR,COL,Eric Lauer,Tanner Gordon
2025-08-04,7.1,2.9,7.5,0.3,3.5,KCR,BOS,Bailey Falter,Brayan Bello
2025-08-04,6.0,1.8,3.0,2.1,,SFG,PIT,Justin Verlander,Johan Oviedo
2025-08-05,13.5,8.2,5.0,5.4,8.5,NYY,TEX,Will Warren,Nathan Eovaldi
2025-08-05,13.1,3.5,8.8,11.2,2.8,MIN,DET,Zebby Matthews,Chris Paddack
2025-08-05,12.4,3.3,7.6,1.9,12.0,KCR,BOS,Ryan Bergert,Garrett Crochet
2025-08-05,11.1,5.5,2.8,5.9,8.0,TBR,LAA,Ryan Pepiot,José Soriano
2025-08-05,10.5,1.7,3.0,9.4,7.0,SFG,PIT,Logan Webb,Mike Burrows
2025-08-05,10.2,7.9,2.2,3.1,7.3,ATH,WSN,Luis Severino,MacKenzie Gore
2025-08-05,10.1,8.1,5.6,4.4,2.2,MIL,ATL,Freddy Peralta,Joey Wentz
2025-08-05,10.1,3.8,9.3,4.1,3.1,CIN,CHC,Zack Littell,Shota Imanaga
2025-08-05,10.0,5.1,8.3,3.5,3.0,CLE,NYM,Logan Allen,Clay Holmes
2025-08-05,9.8,2.4,5.8,3.7,7.6,CHW,SEA,Davis Martin,Bryan Woo
2025-08-05,9.2,4.3,6.6,,2.4,HOU,MIA,TBD,Cal Quantrill
2025-08-05,9.0,4.5,6.0,2.5,5.0,STL,LAD,Miles Mikolas,Emmet Sheehan
2025-08-05,8.2,2.7,7.3,1.9,4.4,SDP,ARI,Yu Darvish,Ryne Nelson
2025-08-05,8.1,6.7,2.0,2.5,,TOR,COL,José Berríos,Anthony Molina
2025-08-05,7.5,2.7,6.5,3.7,2.1,BAL,PHI,Dean Kremer,Taijuan Walker
2025-08-06,11.8,4.8,8.2,5.3,5.4,CLE,NYM,Gavin Williams,David Peterson
2025-08-06,11.6,3.8,9.2,4.6,5.7,CIN,CHC,Andrew Abbott,Cade Horton
2025-08-06,11.5,3.4,8.4,,6.2,MIN,DET,TBD,Jack Flaherty
2025-08-06,11.0,2.5,6.6,7.0,5.8,BAL,PHI,Trevor Rogers,Ranger Suárez
2025-08-06,10.9,7.7,5.1,5.6,3.3,NYY,TEX,Carlos Rodón,Jack Leiter
2025-08-06,10.8,4.4,6.5,,5.7,HOU,MIA,Spencer Arrighetti,Janson Junk
2025-08-06,10.3,4.5,6.3,4.8,,STL,LAD,Matthew Liberatore,Shohei Ohtani
2025-08-06,10.1,8.0,5.7,-0.3,6.9,MIL,ATL,Jose Quintana,Spencer Strider
2025-08-06,9.8,2.6,6.1,2.9,7.9,CHW,SEA,Jonathan Cannon,George Kirby
2025-08-06,9.0,6.9,1.9,5.2,4.1,TOR,COL,Kevin Gausman,Kyle Freeland
2025-08-06,9.0,8.4,2.2,2.4,,ATH,WSN,Jeffrey Springs,Cade Cavalli
2025-08-06,8.9,2.8,7.2,,2.9,SDP,ARI,Nestor Cortes,Anthony DeSclafani
2025-08-06,8.5,3.0,7.7,3.7,2.7,KCR,BOS,Michael Wacha,Dustin May
2025-08-06,7.8,5.4,2.9,6.2,1.1,TBR,LAA,Shane Baz,Tyler Anderson
2025-08-06,5.8,1.8,2.9,4.6,2.2,SFG,PIT,Robbie Ray,Andrew Heaney
2025-08-07,12.0,2.7,6.0,4.1,11.1,CHW,SEA,Shane Smith,Logan Gilbert
2025-08-07,10.9,3.8,2.8,4.0,11.2,CIN,PIT,Brady Singer,Paul Skenes
2025-08-07,10.8,6.7,5.7,7.0,2.1,MIA,ATL,Eury Pérez,Carlos Carrasco
2025-08-07,7.5,8.0,2.0,3.3,1.6,ATH,WSN,Jacob Lopez,Mitchell Parker
2025-08-08,13.6,2.8,8.3,1.7,14.4,LAA,DET,Kyle Hendricks,Tarik Skubal
2025-08-08,13.5,6.8,5.0,9.5,5.6,PHI,TEX,Cristopher Sánchez,Merrill Kelly
2025-08-08,13.4,8.0,8.2,2.2,8.4,NYM,MIL,Kodai Senga,Brandon Woodruff
2025-08-08,13.1,4.5,7.9,8.8,,HOU,NYY,Hunter Brown,Cam Schlittler
2025-08-08,12.4,3.7,3.0,14.1,4.0,CIN,PIT,Chase Burns,Mitch Keller
2025-08-08,12.3,6.8,5.9,7.4,4.6,MIA,ATL,Edward Cabrera,Bryce Elder
2025-08-08,11.5,5.6,5.8,6.7,5.0,TBR,SEA,Drew Rasmussen,Luis Castillo
2025-08-08,11.4,9.3,4.4,5.4,3.6,CHC,STL,Matthew Boyd,Michael McGreevy
2025-08-08,10.5,7.1,6.3,4.4,3.1,TOR,LAD,Max Scherzer,Clayton Kershaw
2025-08-08,8.9,7.5,2.8,1.5,5.9,BOS,SDP,Walker Buehler,Nick Pivetta
2025-08-08,8.3,3.2,3.5,3.6,6.4,KCR,MIN,Seth Lugo,Joe Ryan
2025-08-08,8.2,8.0,2.3,4.7,1.4,ATH,BAL,J.T. Ginn,Tomoyuki Sugano
2025-08-08,6.6,1.5,7.2,0.1,4.4,COL,ARI,Austin Gomber,Zac Gallen
2025-08-08,6.4,4.9,2.8,4.4,0.8,CLE,CHW,Tanner Bibee,Aaron Civale
2025-08-08,5.5,2.0,1.9,2.1,,WSN,SFG,Jake Irvin,TBD
2025-08-09,15.4,7.1,5.1,9.0,9.7,PHI,TEX,Jesús Luzardo,Jacob deGrom
2025-08-09,12.4,4.7,7.6,7.5,,HOU,NYY,Framber Valdez,Luis Gil
2025-08-09,11.5,7.1,6.3,4.7,,TOR,LAD,Chris Bassitt,Blake Snell
2025-08-09,11.3,8.0,8.2,,1.4,NYM,MIL,TBD,Tobias Myers
2025-08-09,10.7,6.7,5.8,4.0,,MIA,ATL,Ryan Gusto,Hurston Waldrep
2025-08-09,10.2,9.2,4.4,2.4,4.4,CHC,STL,Colin Rea,Andre Pallante
2025-08-09,10.0,5.5,5.8,5.1,3.6,TBR,SEA,Joe Boyle,Logan Evans
2025-08-09,9.7,8.0,2.4,,4.0,ATH,BAL,Jack Perkins,Brandon Young
2025-08-09,9.7,2.8,8.3,4.5,3.8,LAA,DET,Yusei Kikuchi,Charlie Morton
2025-08-09,9.4,7.5,2.9,3.7,4.8,BOS,SDP,Lucas Giolito,Michael King
2025-08-09,8.7,4.8,2.6,7.6,2.3,CLE,CHW,Joey Cantillo,Sean Burke
2025-08-09,8.2,3.8,2.7,2.9,6.9,CIN,PIT,Nick Martinez,Braxton Ashcraft
2025-08-09,8.0,6.7,5.8,4.4,-0.8,MIA,ATL,Sandy Alcantara,Erick Fedde
2025-08-09,7.9,1.9,1.9,7.0,,WSN,SFG,Brad Lord,Carson Whisenhunt
2025-08-09,7.9,3.4,3.5,6.0,2.9,KCR,MIN,Noah Cameron,Bailey Ober
2025-08-09,6.7,1.5,7.1,1.6,3.2,COL,ARI,Bradley Blalock,Eduardo Rodriguez
2025-08-10,15.1,8.0,8.2,7.4,6.6,NYM,MIL,Sean Manaea,Quinn Priester
2025-08-10,13.2,7.1,5.1,10.3,3.9,PHI,TEX,Zack Wheeler,Patrick Corbin
2025-08-10,12.2,9.2,4.4,3.4,7.4,CHC,STL,Shota Imanaga,Sonny Gray
2025-08-10,11.6,7.1,6.3,4.3,5.5,TOR,LAD,Eric Lauer,Tyler Glasnow
2025-08-10,11.4,5.5,5.8,3.7,7.8,TBR,SEA,Adrian Houser,Bryan Woo
2025-08-10,11.2,7.5,2.9,3.6,8.4,BOS,SDP,Brayan Bello,Dylan Cease
2025-08-10,10.2,8.0,2.4,,5.0,ATH,BAL,Luis Morales,Cade Povich
2025-08-10,10.1,4.7,7.6,2.8,5.2,HOU,NYY,Jason Alexander,Max Fried
2025-08-10,9.6,2.8,8.3,2.8,5.3,LAA,DET,Jack Kochanowicz,Casey Mize
2025-08-10,8.8,3.8,2.7,4.4,6.7,CIN,PIT,Zack Littell,Mike Burrows
2025-08-10,8.3,6.7,5.8,1.9,2.2,MIA,ATL,Cal Quantrill,Joey Wentz
2025-08-10,8.2,4.8,2.6,5.2,3.8,CLE,CHW,Slade Cecconi,Davis Martin
2025-08-10,7.1,1.5,7.1,1.3,4.4,COL,ARI,Tanner Gordon,Brandon Pfaadt
2025-08-10,6.6,1.9,1.9,6.9,2.3,WSN,SFG,MacKenzie Gore,Justin Verlander
2025-08-10,5.8,3.4,3.5,1.9,2.8,KCR,MIN,Ryan Bergert,José Ureña
2025-08-11,14.4,7.6,4.5,11.8,,BOS,HOU,Garrett Crochet,Cristian Javier
2025-08-11,13.6,3.5,7.6,11.0,5.1,MIN,NYY,Zebby Matthews,Will Warren
2025-08-11,13.0,6.4,2.8,8.6,8.2,LAD,LAA,Yoshinobu Yamamoto,José Soriano
2025-08-11,12.6,7.2,4.9,4.7,8.4,ARI,TEX,Ryne Nelson,Nathan Eovaldi
2025-08-11,11.0,5.4,8.1,6.0,2.5,TBR,ATH,Ryan Pepiot,Jeffrey Springs
2025-08-11,9.3,8.3,2.6,2.7,,DET,CHW,Chris Paddack,Elvis Peguero
2025-08-11,8.7,7.0,3.6,2.5,4.3,PHI,CIN,Taijuan Walker,Andrew Abbott
2025-08-11,8.4,3.0,2.1,2.0,9.7,SDP,SFG,Yu Darvish,Logan Webb
2025-08-11,6.8,1.6,4.5,,2.4,COL,STL,TBD,Miles Mikolas
2025-08-11,6.7,2.8,8.3,1.9,0.4,PIT,MIL,Andrew Heaney,Jose Quintana
2025-08-11,5.2,2.0,3.3,,0.2,WSN,KCR,Cade Cavalli,Bailey Falter
2025-08-12,13.6,9.1,7.1,8.4,2.6,CHC,TOR,Ben Brown,José Berríos
2025-08-12,13.3,2.5,8.3,11.4,4.3,PIT,MIL,Paul Skenes,Freddy Peralta
2025-08-12,12.2,5.5,7.9,6.4,4.5,TBR,ATH,Shane Baz,Jacob Lopez
2025-08-12,12.1,5.8,8.1,7.2,3.2,ATL,NYM,Spencer Strider,Clay Holmes
2025-08-12,10.8,8.3,2.5,5.8,,DET,CHW,Jack Flaherty,TBD
2025-08-12,10.5,3.1,7.5,,5.4,MIN,NYY,TBD,Carlos Rodón
2025-08-12,10.2,6.1,2.3,8.3,3.7,SEA,BAL,George Kirby,Dean Kremer
2025-08-12,10.0,6.8,4.7,5.1,3.5,MIA,CLE,Janson Junk,Logan Allen
2025-08-12,9.9,7.3,4.9,2.7,,BOS,HOU,Dustin May,Spencer Arrighetti
2025-08-12,9.9,7.0,3.8,5.4,3.6,PHI,CIN,Ranger Suárez,Brady Singer
2025-08-12,9.7,6.4,2.8,5.3,,LAD,LAA,Emmet Sheehan,Victor Mederos
2025-08-12,9.5,7.6,5.0,3.6,3.0,ARI,TEX,Anthony DeSclafani,Jack Leiter
2025-08-12,7.4,3.1,1.9,,4.7,SDP,SFG,Nestor Cortes,Robbie Ray
2025-08-12,7.1,1.3,4.5,3.8,4.5,COL,STL,Kyle Freeland,Matthew Liberatore
2025-08-12,5.5,2.3,3.5,1.6,3.7,WSN,KCR,Mitchell Parker,Michael Wacha
2025-08-13,15.8,6.7,3.8,9.3,11.8,PHI,CIN,Cristopher Sánchez,Hunter Greene
2025-08-13,13.9,9.0,7.2,6.3,5.3,CHC,TOR,Cade Horton,Kevin Gausman
2025-08-13,12.9,5.9,2.3,10.6,7.1,SEA,BAL,Logan Gilbert,Trevor Rogers
2025-08-13,12.8,5.4,8.0,6.8,5.4,TBR,ATH,Drew Rasmussen,J.T. Ginn
2025-08-13,11.8,2.3,8.6,3.8,8.8,PIT,MIL,Mitch Keller,Brandon Woodruff
2025-08-13,11.5,6.7,4.9,6.1,5.4,MIA,CLE,Eury Pérez,Gavin Williams
2025-08-13,11.3,7.8,5.1,4.4,5.3,ARI,TEX,Zac Gallen,Merrill Kelly
2025-08-13,11.2,7.4,4.8,1.6,8.6,BOS,HOU,Walker Buehler,Hunter Brown
2025-08-13,11.0,2.9,7.9,6.3,,MIN,NYY,Joe Ryan,Cam Schlittler
2025-08-13,10.5,5.9,8.2,1.5,5.5,ATL,NYM,Carlos Carrasco,David Peterson
2025-08-13,10.2,8.3,2.5,,4.7,DET,CHW,TBD,Shane Smith
2025-08-13,8.2,6.3,3.0,,2.1,LAD,LAA,Shohei Ohtani,Kyle Hendricks
2025-08-13,7.8,3.2,1.8,5.4,,SDP,SFG,Nick Pivetta,Kai-Wei Teng
2025-08-13,5.8,2.3,3.4,2.2,3.6,WSN,KCR,Jake Irvin,Seth Lugo
2025-08-13,4.4,1.1,4.5,-0.1,3.3,COL,STL,Austin Gomber,Michael McGreevy
2025-08-14,14.3,7.1,4.1,14.2,3.1,DET,MIN,Tarik Skubal,Bailey Ober
2025-08-14,12.4,8.5,7.0,5.5,3.8,CHC,TOR,Matthew Boyd,Max Scherzer
2025-08-14,12.2,6.3,5.9,8.0,4.3,MIA,CLE,Edward Cabrera,Tanner Bibee
2025-08-14,11.5,6.4,0.8,8.8,7.0,PHI,WSN,Jesús Luzardo,Brad Lord
2025-08-14,10.1,5.0,9.0,4.3,1.9,ATL,NYM,Bryce Elder,Kodai Senga
2025-08-14,5.9,5.2,1.8,3.5,1.4,SEA,BAL,Logan Evans,Tomoyuki Sugano
2025-08-14,4.9,6.3,-0.5,2.5,1.5,ARI,COL,Eduardo Rodriguez,Bradley Blalock
2025-08-15,13.4,5.7,7.0,9.8,4.4,TEX,TOR,Jacob deGrom,Chris Bassitt
2025-08-15,13.1,5.2,8.9,5.1,7.1,SEA,NYM,Luis Castillo,Sean Manaea
2025-08-15,12.3,6.4,0.8,10.0,7.4,PHI,WSN,Zack Wheeler,MacKenzie Gore
2025-08-15,11.5,5.2,6.0,,6.8,ATL,CLE,Hurston Waldrep,Joey Cantillo
2025-08-15,11.1,7.5,5.4,,4.2,NYY,STL,Luis Gil,Andre Pallante
2025-08-15,10.9,6.3,8.6,4.2,2.9,MIA,BOS,Sandy Alcantara,Lucas Giolito
2025-08-15,10.6,5.4,7.3,,3.6,SDP,LAD,TBD,Clayton Kershaw
2025-08-15,10.3,7.1,4.2,4.3,,DET,MIN,Charlie Morton,Pierson Ohl
2025-08-15,10.3,9.1,3.6,,2.8,MIL,CIN,TBD,Nick Martinez
2025-08-15,9.5,3.0,8.6,,2.5,PIT,CHC,TBD,Colin Rea
2025-08-15,9.0,6.3,1.8,4.2,5.7,TBR,SFG,Joe Boyle,Landen Roupp
2025-08-15,9.0,1.8,5.7,3.5,7.0,BAL,HOU,Brandon Young,Framber Valdez
2025-08-15,8.9,1.2,7.1,4.6,,LAA,ATH,Yusei Kikuchi,Jack Perkins
2025-08-15,6.8,3.0,3.7,1.1,5.7,CHW,KCR,Aaron Civale,Noah Cameron
2025-08-15,6.2,6.0,-0.5,4.3,2.7,ARI,COL,Brandon Pfaadt,Tanner Gordon
2025-08-16,14.2,7.1,4.2,5.4,11.7,DET,MIN,Casey Mize,Zebby Matthews
2025-08-16,13.6,5.3,9.0,7.9,,SEA,NYM,Bryan Woo,Nolan McLean
2025-08-16,13.0,5.3,7.2,8.4,,SDP,LAD,Dylan Cease,Blake Snell
2025-08-16,12.9,7.7,5.4,5.1,7.5,NYY,STL,Max Fried,Sonny Gray
2025-08-16,11.9,9.4,3.4,6.3,4.5,MIL,CIN,Quinn Priester,Zack Littell
2025-08-16,11.1,3.0,8.3,6.9,4.0,PIT,CHC,Mike Burrows,Shota Imanaga
2025-08-16,10.0,6.3,8.5,1.8,3.6,MIA,BOS,Cal Quantrill,Brayan Bello
2025-08-16,10.0,5.8,6.8,3.6,3.8,TEX,TOR,Patrick Corbin,Eric Lauer
2025-08-16,9.0,5.0,6.0,1.8,5.2,ATL,CLE,Joey Wentz,Slade Cecconi
2025-08-16,7.4,1.2,7.2,1.4,,LAA,ATH,Tyler Anderson,Luis Morales
2025-08-16,7.2,6.5,0.6,2.4,,PHI,WSN,Taijuan Walker,Cade Cavalli
2025-08-16,7.2,5.8,-0.3,4.8,4.1,ARI,COL,Ryne Nelson,Chase Dollander
2025-08-16,7.1,1.9,5.3,,2.0,BAL,HOU,Rico Garcia,Jason Alexander
2025-08-16,7.0,6.4,2.0,3.3,2.4,TBR,SFG,Adrian Houser,Justin Verlander
2025-08-16,6.3,2.9,3.9,2.5,3.2,CHW,KCR,Sean Burke,Michael Lorenzen
2025-08-17,15.7,6.3,8.5,4.8,11.9,MIA,BOS,Janson Junk,Garrett Crochet
2025-08-17,13.0,5.3,9.0,8.7,3.0,SEA,NYM,George Kirby,Clay Holmes
2025-08-17,11.8,6.4,2.0,5.9,9.4,TBR,SFG,Ryan Pepiot,Logan Webb
2025-08-17,11.4,5.8,6.8,7.9,2.3,TEX,TOR,Nathan Eovaldi,José Berríos
2025-08-17,11.0,3.0,8.3,5.6,,PIT,CHC,Carmen Mlodzinski,Javier Assad
2025-08-17,10.6,7.7,5.4,5.4,2.5,NYY,STL,Will Warren,Miles Mikolas
2025-08-17,10.4,5.3,7.2,2.7,5.6,SDP,LAD,Yu Darvish,Tyler Glasnow
2025-08-17,9.6,7.1,4.2,2.9,,DET,MIN,Chris Paddack,TBD
2025-08-17,9.5,1.2,7.2,8.2,2.4,LAA,ATH,José Soriano,Jeffrey Springs
2025-08-17,8.9,9.4,3.4,0.4,4.6,MIL,CIN,Jose Quintana,Andrew Abbott
2025-08-17,8.0,1.9,5.3,3.8,,BAL,HOU,Dean Kremer,Cristian Javier
2025-08-17,7.8,5.8,-0.3,,,ARI,COL,Nabil Crismatt,TBD
2025-08-17,6.8,5.0,6.0,-0.6,3.3,ATL,CLE,Erick Fedde,Logan Allen
2025-08-17,6.7,2.9,3.9,3.3,3.2,CHW,KCR,Davis Martin,Ryan Bergert
2025-08-17,6.6,6.5,0.6,4.7,1.4,PHI,WSN,Aaron Nola,Mitchell Parker
2025-08-18,14.5,9.5,8.6,4.6,6.5,MIL,CHC,Freddy Peralta,Cade Horton
2025-08-18,14.0,9.5,8.6,,,MIL,CHC,TBD,TBD
2025-08-18,13.6,5.6,6.5,10.3,4.9,SEA,PHI,Logan Gilbert,Ranger Suárez
2025-08-18,13.1,6.9,3.1,5.1,11.2,TOR,PIT,Kevin Gausman,Paul Skenes
2025-08-18,11.5,5.5,6.4,4.4,6.8,STL,MIA,Matthew Liberatore,Eury Pérez
2025-08-18,11.5,5.0,7.1,,5.9,HOU,DET,Spencer Arrighetti,Jack Flaherty
2025-08-18,11.1,6.1,5.8,5.4,,CLE,ARI,Gavin Williams,TBD
2025-08-18,10.7,2.2,8.6,7.4,3.1,BAL,BOS,Trevor Rogers,Dustin May
2025-08-18,9.5,7.5,-0.4,8.3,3.7,LAD,COL,Yoshinobu Yamamoto,Kyle Freeland
2025-08-18,8.4,1.9,5.4,4.5,,SFG,SDP,Robbie Ray,Nestor Cortes
2025-08-18,8.0,5.4,4.1,2.8,3.7,TEX,KCR,Jack Leiter,Michael Wacha
2025-08-18,6.5,2.9,1.2,3.9,,CIN,LAA,Brady Singer,Victor Mederos
2025-08-18,6.1,2.9,4.6,-2.1,6.8,CHW,ATL,Yoendrys Gómez,Spencer Strider
2025-08-19,17.6,4.9,8.2,8.3,13.8,HOU,DET,Hunter Brown,Tarik Skubal
2025-08-19,16.2,10.1,9.7,8.3,4.4,MIL,CHC,Brandon Woodruff,Jameson Taillon
2025-08-19,14.9,10.1,9.7,4.5,5.6,MIL,CHC,Chad Patrick,Matthew Boyd
2025-08-19,12.8,7.7,6.2,5.3,6.5,NYY,TBR,Carlos Rodón,Shane Baz
2025-08-19,11.7,5.4,7.5,1.3,9.1,SEA,PHI,Bryce Miller,Cristopher Sánchez
2025-08-19,11.6,5.5,6.2,3.5,7.9,STL,MIA,Michael McGreevy,Edward Cabrera
2025-08-19,11.4,7.3,4.1,5.2,6.3,ATH,MIN,Jacob Lopez,Joe Ryan
2025-08-19,10.7,3.6,7.5,,5.3,SFG,SDP,Kai-Wei Teng,Nick Pivetta
2025-08-19,9.4,6.1,5.9,4.0,2.8,CLE,ARI,Tanner Bibee,Eduardo Rodriguez
2025-08-19,9.4,8.3,3.1,3.4,3.8,TOR,PIT,Max Scherzer,Mitch Keller
2025-08-19,9.3,10.8,0.6,5.3,1.8,NYM,WSN,David Peterson,Jake Irvin
2025-08-19,9.3,3.1,1.5,11.9,2.0,CIN,LAA,Hunter Greene,Kyle Hendricks
2025-08-19,8.9,5.2,4.3,5.1,3.2,TEX,KCR,Merrill Kelly,Seth Lugo
2025-08-19,8.3,2.9,4.5,4.7,4.5,CHW,ATL,Shane Smith,Bryce Elder
2025-08-19,7.3,3.0,8.8,1.2,1.4,BAL,BOS,Tomoyuki Sugano,Walker Buehler
2025-08-19,6.3,7.5,-0.4,5.7,-0.3,LAD,COL,Emmet Sheehan,Austin Gomber
2025-08-20,16.8,10.1,9.7,11.3,2.5,MIL,CHC,Jacob Misiorowski,Colin Rea
2025-08-20,13.4,5.2,7.6,5.2,8.8,SEA,PHI,Luis Castillo,Jesús Luzardo
2025-08-20,13.1,8.1,6.1,,7.0,NYY,TBR,Cam Schlittler,Drew Rasmussen
2025-08-20,12.0,4.7,8.1,7.0,4.1,HOU,DET,Framber Valdez,Charlie Morton
2025-08-20,11.1,7.6,-0.3,11.9,2.9,LAD,COL,Shohei Ohtani,Tanner Gordon
2025-08-20,10.7,6.1,6.0,,4.3,CLE,ARI,Parker Messick,Brandon Pfaadt
2025-08-20,10.4,5.7,6.1,4.4,4.5,STL,MIA,Andre Pallante,Sandy Alcantara
2025-08-20,10.3,8.5,3.1,4.0,,TOR,PIT,Chris Bassitt,Johan Oviedo
2025-08-20,10.2,10.9,0.5,2.2,6.8,NYM,WSN,Kodai Senga,Brad Lord
2025-08-20,10.0,5.0,4.5,,5.5,TEX,KCR,TBD,Noah Cameron
2025-08-20,9.9,7.4,4.0,5.1,3.3,ATH,MIN,J.T. Ginn,Bailey Ober
2025-08-20,9.0,3.5,7.6,5.9,1.1,SFG,SDP,Landen Roupp,JP Sears
2025-08-20,6.5,2.9,4.4,0.7,,CHW,ATL,Martín Pérez,Hurston Waldrep
2025-08-20,5.8,3.0,1.5,2.7,4.3,CIN,LAA,Nick Martinez,Yusei Kikuchi
2025-08-21,15.1,9.9,9.9,6.5,3.8,MIL,CHC,Quinn Priester,Shota Imanaga
2025-08-21,13.0,10.9,0.5,7.2,7.3,NYM,WSN,Sean Manaea,MacKenzie Gore
2025-08-21,12.6,8.8,8.3,3.1,,BOS,NYY,Lucas Giolito,Luis Gil
2025-08-21,11.5,5.7,6.0,7.4,3.8,STL,TBR,Sonny Gray,Joe Boyle
2025-08-21,10.8,3.4,7.7,2.9,7.6,SFG,SDP,Justin Verlander,Dylan Cease
2025-08-21,9.3,7.4,4.2,,2.0,ATH,MIN,Jack Perkins,José Ureña
2025-08-21,8.1,5.0,4.6,3.6,3.1,TEX,KCR,Patrick Corbin,Michael Lorenzen
2025-08-21,7.5,7.5,-0.3,3.5,4.2,LAD,COL,Clayton Kershaw,Chase Dollander
2025-08-21,7.4,4.6,3.0,3.0,4.2,HOU,BAL,Jason Alexander,Brandon Young
2025-08-22,12.9,8.9,8.3,3.6,5.0,BOS,NYY,Brayan Bello,Max Fried
2025-08-22,12.1,8.1,6.1,,,TOR,MIA,Shane Bieber,TBD
2025-08-22,11.7,6.0,4.8,4.6,7.9,CLE,TEX,Slade Cecconi,Nathan Eovaldi
2025-08-22,11.4,4.9,8.4,3.7,5.8,KCR,DET,Ryan Bergert,Casey Mize
2025-08-22,11.3,7.5,7.6,4.9,2.6,LAD,SDP,Blake Snell,Yu Darvish
2025-08-22,11.2,7.7,4.8,,,ATH,SEA,Luis Morales,TBD
2025-08-22,10.9,11.0,4.1,,1.8,NYM,ATL,Nolan McLean,Joey Wentz
2025-08-22,10.7,9.8,1.6,,,CHC,LAA,TBD,TBD
2025-08-22,9.5,4.1,2.8,10.9,1.2,MIN,CHW,Zebby Matthews,Aaron Civale
2025-08-22,9.3,3.4,9.8,,0.3,SFG,MIL,Carson Whisenhunt,Jose Quintana
2025-08-22,8.9,2.7,5.8,4.5,4.9,CIN,ARI,Zack Littell,Ryne Nelson
2025-08-22,8.7,5.7,5.9,1.9,3.9,STL,TBR,Miles Mikolas,Adrian Houser
2025-08-22,8.3,0.8,8.2,,2.6,WSN,PHI,Cade Cavalli,Taijuan Walker
2025-08-22,6.7,4.7,3.0,0.0,5.7,HOU,BAL,Lance McCullers Jr.,Cade Povich
2025-08-22,5.6,-0.4,3.2,0.4,8.0,COL,PIT,Antonio Senzatela,Braxton Ashcraft
2025-08-23,17.0,8.9,8.1,11.8,5.2,BOS,NYY,Garrett Crochet,Will Warren
2025-08-23,13.8,3.6,9.7,9.7,4.6,SFG,MIL,Logan Webb,Freddy Peralta
2025-08-23,11.4,7.5,5.0,2.3,8.2,ATH,SEA,Jeffrey Springs,George Kirby
2025-08-23,11.4,9.9,1.5,6.3,,CHC,LAA,Cade Horton,Victor Mederos
2025-08-23,10.7,8.0,6.1,2.4,4.9,TOR,MIA,José Berríos,Janson Junk
2025-08-23,10.3,7.5,7.6,6.3,-0.8,LAD,SDP,Tyler Glasnow,Nestor Cortes
2025-08-23,9.9,11.2,4.0,3.0,1.7,NYM,ATL,Clay Holmes,Cal Quantrill
2025-08-23,9.9,4.8,8.4,3.8,2.8,KCR,DET,Michael Wacha,Chris Paddack
2025-08-23,9.3,2.9,5.8,4.9,,CIN,ARI,Andrew Abbott,Nabil Crismatt
2025-08-23,8.6,6.1,4.8,3.4,2.8,CLE,TEX,Logan Allen,Jack Leiter
2025-08-23,8.4,4.5,3.1,,4.1,HOU,BAL,Cristian Javier,Dean Kremer
2025-08-23,7.7,4.1,2.9,,3.3,MIN,CHW,TBD,Davis Martin
2025-08-23,7.6,0.8,8.4,1.2,4.8,WSN,PHI,Mitchell Parker,Aaron Nola
2025-08-23,6.6,-0.8,3.4,3.8,6.7,COL,PIT,Kyle Freeland,Mike Burrows
2025-08-24,14.1,7.3,7.4,8.2,5.3,LAD,SDP,Yoshinobu Yamamoto,Nick Pivetta
2025-08-24,14.0,7.5,4.8,5.5,10.1,ATH,SEA,Jacob Lopez,Logan Gilbert
2025-08-24,13.0,8.1,5.9,5.2,6.9,TOR,MIA,Kevin Gausman,Eury Pérez
2025-08-24,12.7,9.0,8.1,3.1,5.2,BOS,NYY,Dustin May,Carlos Rodón
2025-08-24,12.6,11.8,3.4,5.7,4.5,NYM,ATL,David Peterson,Bryce Elder
2025-08-24,11.3,3.6,9.6,4.5,,SFG,MIL,Robbie Ray,TBD
2025-08-24,11.2,4.7,8.4,3.1,6.2,KCR,DET,Seth Lugo,Jack Flaherty
2025-08-24,11.0,5.4,5.9,4.5,6.2,STL,TBR,Matthew Liberatore,Ryan Pepiot
2025-08-24,10.8,6.1,5.0,5.4,5.0,CLE,TEX,Gavin Williams,Merrill Kelly
2025-08-24,9.6,-0.7,3.8,,11.1,COL,PIT,McCade Brown,Paul Skenes
2025-08-24,8.9,10.0,1.4,4.3,2.1,CHC,LAA,Jameson Taillon,Kyle Hendricks
2025-08-24,8.4,2.8,6.1,4.0,3.8,CIN,ARI,Brady Singer,Zac Gallen
2025-08-24,8.1,0.8,8.5,1.6,5.3,WSN,PHI,Jake Irvin,Ranger Suárez
2025-08-24,7.9,4.7,3.0,0.1,7.9,HOU,BAL,Spencer Arrighetti,Trevor Rogers
2025-08-24,5.5,4.1,2.9,5.3,-1.3,MIN,CHW,Taj Bradley,Yoendrys Gómez
2025-08-25,17.6,8.3,7.5,14.1,5.3,DET,ATH,Tarik Skubal,J.T. Ginn
2025-08-25,15.9,8.3,11.8,9.5,2.2,PHI,NYM,Cristopher Sánchez,Kodai Senga
2025-08-25,14.7,3.0,7.6,12.8,6.1,CIN,LAD,Hunter Greene,Emmet Sheehan
2025-08-25,13.0,5.8,9.7,2.7,7.9,ARI,MIL,Eduardo Rodriguez,Brandon Woodruff
2025-08-25,12.4,1.3,5.2,8.4,9.9,LAA,TEX,José Soriano,Jacob deGrom
2025-08-25,12.1,1.0,8.3,6.9,8.0,WSN,NYY,Brad Lord,Cam Schlittler
2025-08-25,11.7,3.1,5.8,6.6,7.9,ATL,MIA,Spencer Strider,Edward Cabrera
2025-08-25,10.8,4.1,8.0,6.4,3.2,MIN,TOR,Joe Ryan,Max Scherzer
2025-08-25,10.5,6.1,6.0,,4.0,TBR,CLE,Ian Seymour,Tanner Bibee
2025-08-25,9.0,3.8,5.2,,3.9,PIT,STL,Johan Oviedo,Michael McGreevy
2025-08-25,8.9,4.7,2.9,5.4,4.8,KCR,CHW,Noah Cameron,Shane Smith
2025-08-25,8.0,9.1,3.3,2.3,1.3,BOS,BAL,Brennan Bernardino,Tomoyuki Sugano
2025-08-25,7.4,7.2,4.7,1.1,1.8,SDP,SEA,JP Sears,Bryce Miller
2025-08-26,18.3,8.2,11.8,9.4,7.3,PHI,NYM,Jesús Luzardo,Sean Manaea
2025-08-26,15.2,5.6,9.7,4.4,10.7,ARI,MIL,Brandon Pfaadt,Jacob Misiorowski
2025-08-26,12.4,7.3,4.7,7.7,5.1,SDP,SEA,Dylan Cease,Luis Castillo
2025-08-26,11.9,3.0,5.8,10.1,4.9,ATL,MIA,Hurston Waldrep,Sandy Alcantara
2025-08-26,11.8,6.4,5.9,6.4,,TBR,CLE,Shane Baz,Parker Messick
2025-08-26,11.0,10.1,3.6,5.2,3.0,CHC,SFG,Matthew Boyd,Justin Verlander
2025-08-26,10.6,0.8,8.3,7.0,,WSN,NYY,MacKenzie Gore,Luis Gil
2025-08-26,10.4,8.2,7.5,4.2,0.8,DET,ATH,Charlie Morton,Osvaldo Bido
2025-08-26,10.1,9.2,3.2,2.8,,BOS,BAL,Lucas Giolito,Kyle Bradish
2025-08-26,10.0,3.9,8.1,3.7,4.3,MIN,TOR,Bailey Ober,Chris Bassitt
2025-08-26,8.4,2.9,7.6,2.9,3.5,CIN,LAD,Nick Martinez,Clayton Kershaw
2025-08-26,8.4,4.1,5.0,3.6,4.0,PIT,STL,Mitch Keller,Andre Pallante
2025-08-26,7.5,-0.6,4.8,2.7,8.3,COL,HOU,Tanner Gordon,Hunter Brown
2025-08-26,7.2,1.5,5.2,4.4,3.4,LAA,TEX,Yusei Kikuchi,Patrick Corbin
2025-08-26,6.3,4.5,3.0,3.2,1.7,KCR,CHW,Michael Lorenzen,Martín Pérez
2025-08-27,13.9,2.8,7.4,6.0,11.6,CIN,LAD,Nick Lodolo,Shohei Ohtani
2025-08-27,13.8,8.2,11.8,2.6,,PHI,NYM,Taijuan Walker,Nolan McLean
2025-08-27,13.3,5.6,9.8,4.9,6.2,ARI,MIL,Ryne Nelson,Quinn Priester
2025-08-27,13.0,8.2,7.4,5.4,,DET,ATH,Casey Mize,Luis Morales
2025-08-27,12.8,9.1,3.2,3.6,9.8,BOS,BAL,Brayan Bello,Dietrich Enns
2025-08-27,11.9,6.4,5.9,7.1,4.4,TBR,CLE,Drew Rasmussen,Slade Cecconi
2025-08-27,11.5,7.4,4.7,2.9,8.1,SDP,SEA,Yu Darvish,Bryan Woo
2025-08-27,11.3,3.9,5.1,6.2,7.3,PIT,STL,Carmen Mlodzinski,Sonny Gray
2025-08-27,10.6,0.8,8.5,6.6,5.2,WSN,NYY,Cade Cavalli,Max Fried
2025-08-27,10.4,10.0,3.7,2.2,,CHC,SFG,Colin Rea,Carson Whisenhunt
2025-08-27,8.9,4.2,8.1,2.0,3.5,MIN,TOR,Simeon Woods Richardson,Eric Lauer
2025-08-27,7.5,-0.9,4.9,4.2,6.7,COL,HOU,Chase Dollander,Framber Valdez
2025-08-27,7.4,3.0,5.9,1.7,4.1,ATL,MIA,Joey Wentz,Ryan Gusto
2025-08-27,6.6,1.5,5.1,2.7,4.0,LAA,TEX,Jack Kochanowicz,Jacob Latz
2025-08-27,6.3,4.6,3.1,4.0,0.9,KCR,CHW,Ryan Bergert,Aaron Civale
2025-08-28,14.8,9.1,3.1,11.9,5.6,BOS,BAL,Garrett Crochet,Cade Povich
2025-08-28,13.6,10.0,4.0,3.9,9.3,CHC,SFG,Shota Imanaga,Logan Webb
2025-08-28,12.7,5.8,11.7,,2.9,MIA,NYM,TBD,Clay Holmes
2025-08-28,10.2,5.6,9.6,,0.1,ARI,MIL,Nabil Crismatt,Jose Quintana
2025-08-28,9.9,3.9,5.1,8.9,1.9,PIT,STL,Braxton Ashcraft,Miles Mikolas
2025-08-28,9.9,8.7,2.9,5.0,3.3,NYY,CHW,Will Warren,Davis Martin
2025-08-28,9.0,3.3,8.1,1.5,5.1,ATL,PHI,Cal Quantrill,Aaron Nola
2025-08-28,5.2,-0.8,4.9,3.5,2.9,COL,HOU,Kyle Freeland,Jason Alexander
2025-08-29,14.8,5.8,11.8,7.2,,MIA,NYM,Eury Pérez,Jonah Tong
2025-08-29,14.5,3.8,9.0,11.1,,PIT,BOS,Paul Skenes,TBD
2025-08-29,13.8,9.7,8.3,4.5,,MIL,TOR,Freddy Peralta,Shane Bieber
2025-08-29,11.4,5.7,7.5,4.1,5.5,ARI,LAD,Zac Gallen,Blake Snell
2025-08-29,11.4,7.4,4.4,0.9,10.0,SDP,MIN,Nestor Cortes,Zebby Matthews
2025-08-29,10.9,3.1,8.2,4.6,5.8,ATL,PHI,Bryce Elder,Ranger Suárez
2025-08-29,10.6,4.6,5.8,7.8,3.0,SEA,CLE,George Kirby,Logan Allen
2025-08-29,9.2,5.4,7.3,3.4,2.3,TEX,ATH,Jack Leiter,Jeffrey Springs
2025-08-29,9.0,8.0,4.6,2.6,2.9,DET,KCR,Chris Paddack,Seth Lugo
2025-08-29,8.9,10.0,-0.9,6.7,2.1,CHC,COL,Cade Horton,Germán Márquez
2025-08-29,8.4,5.1,2.9,4.5,4.3,STL,CIN,Matthew Liberatore,Zack Littell
2025-08-29,8.0,8.8,2.9,4.9,-0.6,NYY,CHW,Carlos Rodón,Yoendrys Gómez
2025-08-29,7.7,3.1,4.0,4.2,4.1,BAL,SFG,Dean Kremer,Robbie Ray
2025-08-29,6.2,1.5,4.9,1.1,,LAA,HOU,Tyler Anderson,Cristian Javier
2025-08-29,5.8,6.2,0.7,3.6,1.2,TBR,WSN,Adrian Houser,Mitchell Parker
2025-08-30,15.6,5.6,11.6,8.2,5.9,MIA,NYM,Edward Cabrera,David Peterson
2025-08-30,14.7,9.7,8.1,6.2,5.3,MIL,TOR,Quinn Priester,Kevin Gausman
2025-08-30,13.2,4.7,5.9,10.7,5.2,SEA,CLE,Logan Gilbert,Gavin Williams
2025-08-30,12.7,3.0,8.4,,9.1,ATL,PHI,TBD,Cristopher Sánchez
2025-08-30,12.5,8.9,2.6,8.6,4.8,NYY,CHW,Cam Schlittler,Shane Smith
2025-08-30,11.3,5.3,7.1,5.2,,TEX,ATH,Merrill Kelly,Mason Barnett
2025-08-30,11.0,7.2,4.5,5.2,5.0,SDP,MIN,Nick Pivetta,Taj Bradley
2025-08-30,10.9,8.1,4.7,6.1,2.9,DET,KCR,Jack Flaherty,Stephen Kolek
2025-08-30,10.5,5.4,7.3,2.6,5.6,ARI,LAD,Eduardo Rodriguez,Tyler Glasnow
2025-08-30,10.4,3.9,8.9,,2.9,PIT,BOS,Johan Oviedo,Dustin May
2025-08-30,10.2,3.2,4.3,7.9,,BAL,SFG,Trevor Rogers,Carson Seymour
2025-08-30,9.6,10.0,-0.8,,,CHC,COL,Javier Assad,McCade Brown
2025-08-30,8.7,5.0,2.9,4.2,5.1,STL,CIN,Michael McGreevy,Andrew Abbott
2025-08-30,7.5,6.5,0.7,6.0,1.7,TBR,WSN,Ryan Pepiot,Jake Irvin
2025-08-30,4.9,1.5,5.3,1.8,1.3,LAA,HOU,Kyle Hendricks,Spencer Arrighetti
2025-08-31,15.3,7.8,4.8,14.2,3.8,DET,KCR,Tarik Skubal,Michael Wacha
2025-08-31,14.5,9.9,7.8,8.0,3.4,MIL,TOR,Brandon Woodruff,Max Scherzer
2025-08-31,14.1,5.5,7.2,9.8,5.7,TEX,ATH,Jacob deGrom,J.T. Ginn
2025-08-31,14.0,2.8,8.5,7.7,9.0,ATL,PHI,Hurston Waldrep,Jesús Luzardo
2025-08-31,12.6,5.3,7.3,4.4,8.2,ARI,LAD,Brandon Pfaadt,Yoshinobu Yamamoto
2025-08-31,12.5,5.6,12.0,5.2,2.2,MIA,NYM,Sandy Alcantara,Kodai Senga
2025-08-31,11.9,1.5,5.5,8.5,8.4,LAA,HOU,José Soriano,Hunter Brown
2025-08-31,11.7,7.3,4.2,5.6,6.2,SDP,MIN,David Morgan,Joe Ryan
2025-08-31,11.1,6.4,0.7,8.5,6.6,TBR,WSN,Ian Seymour,Brad Lord
2025-08-31,10.0,4.0,8.8,4.1,3.2,PIT,BOS,Mitch Keller,Lucas Giolito
2025-08-31,8.4,4.6,6.1,2.3,3.9,SEA,CLE,Bryce Miller,Tanner Bibee
2025-08-31,8.2,10.0,-0.9,5.2,2.2,CHC,COL,Matthew Boyd,Tanner Gordon
2025-08-31,8.1,5.0,2.9,4.0,4.3,STL,CIN,Andre Pallante,Brady Singer
2025-08-31,7.4,8.8,2.5,1.2,2.2,NYY,CHW,Luis Gil,Martín Pérez
2025-08-31,5.9,3.4,4.2,1.4,2.8,BAL,SFG,Tomoyuki Sugano,Justin Verlander
2025-09-01,16.6,11.9,7.9,8.8,4.6,NYM,DET,Sean Manaea,Charlie Morton
2025-09-01,16.4,8.5,9.9,2.7,11.7,PHI,MIL,Taijuan Walker,Jacob Misiorowski
2025-09-01,13.6,7.8,2.9,4.3,12.2,TOR,CIN,Chris Bassitt,Hunter Greene
2025-09-01,12.7,6.9,5.0,6.2,7.3,ATH,STL,Luis Morales,Sonny Gray
2025-09-01,11.9,6.1,8.9,,3.8,CLE,BOS,Parker Messick,Brayan Bello
2025-09-01,11.7,3.2,7.4,,7.7,BAL,SDP,Kyle Bradish,Dylan Cease
2025-09-01,11.5,4.8,6.7,5.0,6.5,SEA,TBR,Luis Castillo,Shane Baz
2025-09-01,10.6,2.8,9.9,6.4,2.1,ATL,CHC,Spencer Strider,Colin Rea
2025-09-01,9.7,5.7,5.1,3.7,4.9,TEX,ARI,Patrick Corbin,Ryne Nelson
2025-09-01,8.2,5.6,0.7,,,MIA,WSN,TBD,Andrew Alvarez
2025-09-01,8.1,1.6,5.4,4.2,,LAA,HOU,Yusei Kikuchi,Luis Garcia
2025-09-01,6.5,4.1,-0.8,,4.6,SFG,COL,Kai-Wei Teng,Chase Dollander
2025-09-01,5.8,2.7,4.3,0.9,3.6,CHW,MIN,Aaron Civale,Bailey Ober
2025-09-02,19.0,11.9,7.8,11.5,6.7,NYM,DET,Nolan McLean,Sawyer Gipson-Long
2025-09-02,15.6,5.8,8.8,4.6,12.0,CLE,BOS,Slade Cecconi,Garrett Crochet
2025-09-02,13.3,4.7,6.7,8.1,7.1,SEA,TBR,Bryan Woo,Drew Rasmussen
2025-09-02,13.3,8.8,5.8,5.2,6.8,NYY,HOU,Max Fried,Framber Valdez
2025-09-02,10.8,7.1,4.1,4.1,6.3,LAD,PIT,Clayton Kershaw,Carmen Mlodzinski
2025-09-02,10.5,5.7,5.2,,,TEX,ARI,TBD,Nabil Crismatt
2025-09-02,9.7,8.0,2.7,2.7,6.1,TOR,CIN,José Berríos,Nick Lodolo
2025-09-02,9.2,2.8,10.0,1.9,3.8,ATL,CHC,Joey Wentz,Shota Imanaga
2025-09-02,9.0,5.6,0.9,,6.5,MIA,WSN,Adam Mazur,Cade Cavalli
2025-09-02,8.9,3.2,7.0,,2.6,BAL,SDP,Tyler Wells,Yu Darvish
2025-09-02,8.6,7.0,5.0,3.1,2.1,ATH,STL,Luis Severino,Miles Mikolas
2025-09-02,8.3,4.2,-0.7,9.4,3.8,SFG,COL,Logan Webb,Kyle Freeland
2025-09-02,7.2,1.5,4.6,,3.3,LAA,KCR,TBD,Michael Lorenzen
2025-09-02,5.9,2.7,4.3,3.2,1.6,CHW,MIN,Davis Martin,Simeon Woods Richardson
2025-09-03,16.0,7.0,3.9,12.0,9.2,LAD,PIT,Shohei Ohtani,Braxton Ashcraft
2025-09-03,13.8,12.0,7.5,2.7,5.3,NYM,DET,Clay Holmes,Casey Mize
2025-09-03,11.9,2.8,10.0,4.4,6.6,ATL,CHC,Bryce Elder,Cade Horton
2025-09-03,11.7,5.8,9.1,6.5,2.0,CLE,BOS,Joey Cantillo,Brennan Bernardino
2025-09-03,11.5,8.8,5.9,4.7,3.7,NYY,HOU,Will Warren,Jason Alexander
2025-09-03,11.4,4.8,6.9,7.7,3.5,SEA,TBR,George Kirby,Adrian Houser
2025-09-03,11.2,8.3,9.9,4.6,-0.5,PHI,MIL,Aaron Nola,Jose Quintana
2025-09-03,10.0,8.2,2.5,,4.2,TOR,CIN,Shane Bieber,Zack Littell
2025-09-03,9.5,5.7,5.2,3.8,4.2,TEX,ARI,Jack Leiter,Zac Gallen
2025-09-03,9.3,6.9,4.9,2.4,4.4,ATH,STL,Jeffrey Springs,Matthew Liberatore
2025-09-03,8.1,3.1,6.9,5.8,0.4,BAL,SDP,Cade Povich,Nestor Cortes
2025-09-03,7.9,2.8,4.2,-1.1,9.9,CHW,MIN,Yoendrys Gómez,Zebby Matthews
2025-09-03,7.4,5.5,1.1,6.7,1.6,MIA,WSN,Eury Pérez,Mitchell Parker
2025-09-03,7.4,1.6,4.6,,3.5,LAA,KCR,Caden Dana,Ryan Bergert
2025-09-03,4.4,3.9,-0.7,3.9,1.6,SFG,COL,Robbie Ray,Germán Márquez
2025-09-04,14.3,7.0,4.1,6.1,11.3,LAD,PIT,Blake Snell,Paul Skenes
2025-09-04,14.3,8.3,10.0,5.7,4.7,PHI,MIL,Ranger Suárez,Freddy Peralta
2025-09-04,12.2,8.7,5.8,4.9,,NYY,HOU,Carlos Rodón,Cristian Javier
2025-09-04,10.7,5.8,6.7,2.8,6.1,CLE,TBR,Logan Allen,Ryan Pepiot
2025-09-04,8.6,2.7,4.4,,5.2,CHW,MIN,Fraser Ellard,Taj Bradley
2025-09-04,6.4,1.7,4.4,1.7,5.0,LAA,KCR,Kyle Hendricks,Noah Cameron
2025-09-05,15.8,8.6,8.5,5.7,8.8,TOR,NYY,Kevin Gausman,Cam Schlittler
2025-09-05,12.9,4.4,2.8,10.4,8.3,SEA,ATL,Logan Gilbert,Chris Sale
2025-09-05,12.6,9.9,4.0,6.3,,MIL,PIT,Quinn Priester,Johan Oviedo
2025-09-05,12.5,12.0,2.6,5.6,4.9,NYM,CIN,David Peterson,Andrew Abbott
2025-09-05,11.7,8.3,5.4,9.5,0.2,PHI,MIA,Cristopher Sánchez,Valente Bellozo
2025-09-05,11.5,5.8,6.7,5.5,,CLE,TBR,Gavin Williams,Griffin Jax
2025-09-05,11.1,6.9,1.6,,8.6,ATH,LAA,Mason Barnett,José Soriano
2025-09-05,10.9,5.9,5.8,,5.2,HOU,TEX,TBD,Merrill Kelly
2025-09-05,10.8,9.1,5.1,,2.4,BOS,ARI,Payton Tolle,Eduardo Rodriguez
2025-09-05,10.5,2.6,7.5,4.7,6.1,CHW,DET,Shane Smith,Jack Flaherty
2025-09-05,10.0,7.1,3.4,5.6,4.0,LAD,BAL,Tyler Glasnow,Dean Kremer
2025-09-05,8.8,4.3,4.5,,3.8,MIN,KCR,TBD,Michael Wacha
2025-09-05,8.4,4.0,5.1,3.9,3.7,SFG,STL,Carson Seymour,Michael McGreevy
2025-09-05,7.7,1.3,9.9,1.9,2.3,WSN,CHC,Jake Irvin,Javier Assad
2025-09-05,7.4,7.1,-0.9,,3.7,SDP,COL,TBD,Kyle Freeland
2025-09-06,14.9,5.9,5.8,8.1,10.0,HOU,TEX,Hunter Brown,Jacob deGrom
2025-09-06,14.1,8.3,5.4,9.3,5.3,PHI,MIA,Jesús Luzardo,Sandy Alcantara
2025-09-06,13.7,7.1,3.4,8.7,8.2,LAD,BAL,Yoshinobu Yamamoto,Trevor Rogers
2025-09-06,13.1,2.6,7.5,2.3,13.8,CHW,DET,Martín Pérez,Tarik Skubal
2025-09-06,12.5,9.9,4.0,6.9,4.2,MIL,PIT,Brandon Woodruff,Mitch Keller
2025-09-06,12.0,12.0,2.6,,4.4,NYM,CIN,Jonah Tong,Brady Singer
2025-09-06,11.7,8.6,8.5,4.3,2.0,TOR,NYY,Chris Bassitt,Luis Gil
2025-09-06,11.5,5.8,6.7,3.8,6.7,CLE,TBR,Tanner Bibee,Shane Baz
2025-09-06,11.3,1.3,9.9,6.5,5.0,WSN,CHC,Brad Lord,Matthew Boyd
2025-09-06,10.9,9.1,5.1,3.1,4.6,BOS,ARI,Lucas Giolito,Brandon Pfaadt
2025-09-06,9.3,6.9,1.6,5.8,4.2,ATH,LAA,J.T. Ginn,Yusei Kikuchi
2025-09-06,9.3,4.3,4.5,6.6,3.2,MIN,KCR,Joe Ryan,Stephen Kolek
2025-09-06,9.0,4.4,2.8,2.5,8.2,SEA,ATL,Bryce Miller,Hurston Waldrep
2025-09-06,8.1,4.0,5.1,3.2,3.9,SFG,STL,Justin Verlander,Andre Pallante
2025-09-06,4.7,7.1,-0.9,-1.7,,SDP,COL,Randy Vásquez,McCade Brown
2025-09-07,15.9,12.2,2.6,,11.9,NYM,CIN,Brandon Sproat,Hunter Greene
2025-09-07,14.8,9.8,3.8,11.1,,MIL,PIT,Jacob Misiorowski,Bubba Chandler
2025-09-07,12.6,8.6,8.4,3.0,5.3,TOR,NYY,Max Scherzer,Max Fried
2025-09-07,12.3,6.0,6.8,,6.8,CLE,TBR,Parker Messick,Drew Rasmussen
2025-09-07,11.3,8.8,5.0,3.8,5.0,BOS,ARI,Brayan Bello,Ryne Nelson
2025-09-07,11.1,5.9,5.7,6.9,3.8,HOU,TEX,Framber Valdez,Patrick Corbin
2025-09-07,10.7,1.2,10.2,,5.1,WSN,CHC,Andrew Alvarez,Drew Pomeranz
2025-09-07,10.6,4.0,5.0,,7.1,SFG,STL,Kai-Wei Teng,Sonny Gray
2025-09-07,10.5,8.6,5.1,2.3,,PHI,MIA,Taijuan Walker,TBD
2025-09-07,9.0,4.6,2.7,5.0,5.8,SEA,ATL,Luis Castillo,Spencer Strider
2025-09-07,8.9,2.8,7.5,3.1,4.3,CHW,DET,Davis Martin,Charlie Morton
2025-09-07,8.8,6.9,-0.4,7.7,3.4,SDP,COL,Dylan Cease,Tanner Gordon
2025-09-07,8.4,7.1,1.5,3.2,,ATH,LAA,Luis Severino,Mitch Farris
2025-09-07,7.8,4.4,4.5,3.3,3.4,MIN,KCR,Bailey Ober,Michael Lorenzen
2025-09-07,7.6,6.8,3.3,3.7,1.4,LAD,BAL,Clayton Kershaw,Tomoyuki Sugano
2025-09-08,18.0,12.1,8.5,11.0,4.2,NYM,PHI,Nolan McLean,Aaron Nola
2025-09-08,17.6,8.8,6.9,11.9,7.5,BOS,ATH,Garrett Crochet,Luis Morales
2025-09-08,11.9,5.0,4.1,5.2,9.5,ARI,SFG,Nabil Crismatt,Logan Webb
2025-09-08,10.4,10.2,2.5,3.6,4.6,CHC,ATL,Shota Imanaga,Bryce Elder
2025-09-08,9.8,4.8,6.1,3.6,5.1,KCR,CLE,Ryan Bergert,Slade Cecconi
2025-09-08,9.7,4.9,4.7,1.8,7.9,STL,SEA,Miles Mikolas,Bryan Woo
2025-09-08,9.5,9.9,5.7,-0.2,3.6,MIL,TEX,Jose Quintana,Jacob Latz
2025-09-08,9.2,2.6,7.1,6.1,2.7,CIN,SDP,Nick Lodolo,Yu Darvish
2025-09-08,9.1,1.1,5.2,7.1,4.7,WSN,MIA,Cade Cavalli,Janson Junk
2025-09-08,7.8,-0.5,6.9,4.3,,COL,LAD,Chase Dollander,TBD
2025-09-08,6.4,4.5,1.5,1.8,,MIN,LAA,Simeon Woods Richardson,Caden Dana
2025-09-09,17.8,12.2,8.8,9.0,5.5,NYM,PHI,Sean Manaea,Ranger Suárez
2025-09-09,13.0,7.6,8.4,5.4,4.7,DET,NYY,Casey Mize,Will Warren
2025-09-09,12.6,10.1,2.5,6.9,5.8,CHC,ATL,Cade Horton,Spencer Strider
2025-09-09,12.2,9.7,5.8,,4.0,MIL,TEX,TBD,Jack Leiter
2025-09-09,12.1,5.7,8.5,,,HOU,TOR,Luis Garcia,TBD
2025-09-09,11.0,4.6,6.0,4.8,6.5,KCR,CLE,Noah Cameron,Joey Cantillo
2025-09-09,10.9,4.8,4.8,4.5,7.6,STL,SEA,Matthew Liberatore,George Kirby
2025-09-09,10.3,8.8,6.9,2.5,2.6,BOS,ATH,Dustin May,Jeffrey Springs
2025-09-09,9.5,3.7,3.4,6.9,,PIT,BAL,Mike Burrows,Kyle Bradish
2025-09-09,9.2,2.6,7.1,4.2,4.5,CIN,SDP,Zack Littell,Michael King
2025-09-09,8.6,4.8,4.1,4.2,4.1,ARI,SFG,Zac Gallen,Robbie Ray
2025-09-09,8.5,4.5,1.5,9.6,1.4,MIN,LAA,Zebby Matthews,Kyle Hendricks
2025-09-09,7.6,-0.7,6.9,1.4,7.6,COL,LAD,Germán Márquez,Emmet Sheehan
2025-09-09,7.3,6.8,2.9,,-0.1,TBR,CHW,TBD,Yoendrys Gómez
2025-09-09,6.6,1.1,5.1,1.9,,WSN,MIA,Mitchell Parker,Adam Mazur
2025-09-10,16.7,12.2,8.8,2.9,9.5,NYM,PHI,Clay Holmes,Cristopher Sánchez
2025-09-10,14.4,6.8,2.9,14.0,,TBR,CHW,Griffin Jax,TBD
2025-09-10,13.3,7.6,8.4,5.9,4.7,DET,NYY,Jack Flaherty,Carlos Rodón
2025-09-10,13.0,10.1,2.5,,8.4,CHC,ATL,TBD,Chris Sale
2025-09-10,12.8,8.8,6.9,,,BOS,ATH,Payton Tolle,Mason Barnett
2025-09-10,12.7,9.7,5.8,4.8,5.2,MIL,TEX,Freddy Peralta,Merrill Kelly
2025-09-10,11.7,4.8,4.8,3.6,10.2,STL,SEA,Michael McGreevy,Logan Gilbert
2025-09-10,11.7,3.7,3.4,11.3,,PIT,BAL,Paul Skenes,Tyler Wells
2025-09-10,10.2,5.7,8.5,3.6,2.6,HOU,TOR,Jason Alexander,José Berríos
2025-09-10,9.9,2.6,7.1,4.8,5.3,CIN,SDP,Andrew Abbott,Nick Pivetta
2025-09-10,9.8,4.5,1.5,5.5,8.2,MIN,LAA,Taj Bradley,José Soriano
2025-09-10,9.3,4.6,6.0,,3.0,KCR,CLE,Jonathan Bowlan,Logan Allen
2025-09-10,8.5,-0.7,6.9,4.1,6.6,COL,LAD,Kyle Freeland,Blake Snell
2025-09-10,7.6,4.8,4.1,2.5,3.9,ARI,SFG,Eduardo Rodriguez,Carson Seymour
2025-09-10,7.0,1.1,5.1,1.5,6.3,WSN,MIA,Jake Irvin,Eury Pérez
2025-09-11,17.7,12.0,8.8,5.6,9.0,NYM,PHI,David Peterson,Jesús Luzardo
2025-09-11,15.0,7.7,7.9,6.1,8.4,DET,NYY,Tyler Holton,Cam Schlittler
2025-09-11,11.7,6.9,3.0,8.7,4.8,TBR,CHW,Ian Seymour,Shane Smith
2025-09-11,9.9,1.2,5.1,6.7,6.8,WSN,MIA,MacKenzie Gore,Ryan Weathers
2025-09-11,9.5,4.3,6.1,3.2,5.3,KCR,CLE,Stephen Kolek,Gavin Williams
2025-09-11,9.2,6.0,8.1,-1.1,5.5,HOU,TOR,Cristian Javier,Kevin Gausman
2025-09-11,8.3,1.4,5.0,8.2,2.1,LAA,SEA,José Soriano,Bryce Miller
2025-09-11,7.8,3.6,3.4,3.2,5.4,PIT,BAL,Johan Oviedo,Cade Povich
2025-09-11,5.0,-0.9,7.1,,-1.3,COL,SDP,McCade Brown,Randy Vásquez
2025-09-12,16.3,5.9,11.7,9.9,,TEX,NYM,Jacob deGrom,Jonah Tong
2025-09-12,15.9,7.7,5.3,13.6,5.3,DET,MIA,Tarik Skubal,Sandy Alcantara
2025-09-12,14.4,6.8,10.3,6.8,4.9,TBR,CHC,Shane Baz,Matthew Boyd
2025-09-12,12.3,4.8,9.8,3.7,6.3,STL,MIL,Andre Pallante,Quinn Priester
2025-09-12,11.9,3.4,7.9,8.4,4.1,BAL,TOR,Trevor Rogers,Chris Bassitt
2025-09-12,11.6,7.2,4.1,8.7,3.4,LAD,SFG,Yoshinobu Yamamoto,Justin Verlander
2025-09-12,10.0,8.0,8.9,0.3,2.8,NYY,BOS,Luis Gil,Lucas Giolito
2025-09-12,10.0,5.8,2.0,,7.1,HOU,ATL,TBD,Hurston Waldrep
2025-09-12,9.9,4.9,4.4,4.8,5.6,ARI,MIN,Brandon Pfaadt,Pablo López
2025-09-12,9.6,2.8,7.0,4.3,,CIN,ATH,Brady Singer,TBD
2025-09-12,9.1,4.4,8.9,3.7,1.2,KCR,PHI,Michael Lorenzen,Walker Buehler
2025-09-12,7.9,1.7,4.9,3.8,5.2,LAA,SEA,Yusei Kikuchi,Luis Castillo
2025-09-12,7.7,3.7,1.0,4.3,6.4,PIT,WSN,Mitch Keller,Brad Lord
2025-09-12,7.5,-0.9,7.3,3.6,,COL,SDP,Tanner Gordon,TBD
2025-09-12,6.7,3.1,6.1,0.4,3.7,CHW,CLE,Martín Pérez,Tanner Bibee
2025-09-13,16.2,4.8,9.8,6.9,10.9,STL,MIL,Sonny Gray,Jacob Misiorowski
2025-09-13,13.3,5.9,11.7,4.0,,TEX,NYM,Patrick Corbin,Brandon Sproat
2025-09-13,12.9,6.8,10.4,6.4,2.3,TBR,CHC,Drew Rasmussen,Colin Rea
2025-09-13,12.9,8.0,8.9,5.1,3.8,NYY,BOS,Max Fried,Brayan Bello
2025-09-13,12.8,2.8,7.1,12.4,3.3,CIN,ATH,Hunter Greene,Luis Severino
2025-09-13,12.3,7.1,4.1,4.0,9.5,LAD,SFG,Clayton Kershaw,Logan Webb
2025-09-13,10.7,7.7,5.3,3.9,4.4,DET,MIA,Charlie Morton,Janson Junk
2025-09-13,10.3,3.1,6.1,2.8,8.7,CHW,CLE,Davis Martin,Parker Messick
2025-09-13,10.3,5.7,2.1,8.1,4.8,HOU,ATL,Hunter Brown,Bryce Elder
2025-09-13,10.0,4.8,4.3,4.9,6.1,ARI,MIN,Ryne Nelson,Joe Ryan
2025-09-13,10.0,1.7,5.0,,8.2,LAA,SEA,Mitch Farris,Bryan Woo
2025-09-13,9.3,4.4,8.9,3.2,2.1,KCR,PHI,Ryan Bergert,Taijuan Walker
2025-09-13,7.7,3.4,8.0,1.3,2.6,BAL,TOR,Tomoyuki Sugano,Max Scherzer
2025-09-13,7.4,3.7,1.1,,,PIT,WSN,Bubba Chandler,Andrew Alvarez
2025-09-13,7.2,-0.9,7.4,0.4,7.5,COL,SDP,Bradley Blalock,Dylan Cease
2025-09-14,16.7,8.0,8.8,4.7,12.1,NYY,BOS,Will Warren,Garrett Crochet
2025-09-14,15.9,6.0,11.6,3.8,10.3,TEX,NYM,Jacob Latz,Nolan McLean
2025-09-14,12.7,3.3,8.2,,9.0,BAL,TOR,Albert Suárez,Shane Bieber
2025-09-14,12.5,6.7,10.3,4.3,3.6,TBR,CHC,Adrian Houser,Shota Imanaga
2025-09-14,11.7,4.3,9.3,5.5,4.3,KCR,PHI,Noah Cameron,Aaron Nola
2025-09-14,11.6,2.8,7.3,6.1,7.1,CIN,ATH,Nick Lodolo,Luis Morales
2025-09-14,10.6,7.2,4.0,5.9,4.0,LAD,SFG,Tyler Glasnow,Robbie Ray
2025-09-14,10.2,7.5,5.4,,2.5,DET,MIA,TBD,Adam Mazur
2025-09-14,9.1,3.5,1.0,7.2,6.4,PIT,WSN,Mike Burrows,Cade Cavalli
2025-09-14,8.9,5.0,4.7,4.7,3.4,ARI,MIN,Nabil Crismatt,Bailey Ober
2025-09-14,8.3,5.6,2.0,6.7,2.2,HOU,ATL,Framber Valdez,Joey Wentz
2025-09-14,7.9,4.7,9.5,1.7,-0.1,STL,MIL,Miles Mikolas,Jose Quintana
2025-09-14,7.8,1.8,4.9,1.8,7.3,LAA,SEA,Kyle Hendricks,George Kirby
2025-09-14,7.4,3.0,6.3,0.7,4.8,CHW,CLE,Yoendrys Gómez,Slade Cecconi
2025-09-14,5.4,-0.9,7.2,1.2,3.2,COL,SDP,Germán Márquez,Yu Darvish
2025-09-15,15.3,9.2,7.2,5.9,8.3,PHI,LAD,Ranger Suárez,Emmet Sheehan
2025-09-15,13.1,10.4,3.5,4.1,8.2,CHC,PIT,Jameson Taillon,Braxton Ashcraft
2025-09-15,12.6,8.2,6.9,,,TOR,TBR,Trey Yesavage,TBD
2025-09-15,9.8,8.1,4.8,4.7,2.0,NYY,MIN,Carlos Rodón,Simeon Woods Richardson
2025-09-15,9.6,5.9,5.7,3.8,3.7,TEX,HOU,Jack Leiter,Jason Alexander
2025-09-15,8.3,3.9,4.7,4.0,4.1,SFG,ARI,Kai-Wei Teng,Zac Gallen
2025-09-15,7.9,3.1,2.7,,,BAL,CHW,Kyle Bradish,TBD
2025-09-15,7.7,2.7,4.6,4.1,4.0,CIN,STL,Zack Littell,Matthew Liberatore
2025-09-15,5.2,2.1,1.0,5.6,1.8,ATL,WSN,Spencer Strider,Mitchell Parker
2025-09-16,18.8,9.1,7.3,9.3,12.0,PHI,LAD,Cristopher Sánchez,Shohei Ohtani
2025-09-16,15.9,10.2,3.6,6.7,11.4,CHC,PIT,Cade Horton,Paul Skenes
2025-09-16,15.3,8.1,4.9,8.5,9.2,NYY,MIN,Cam Schlittler,Zebby Matthews
2025-09-16,13.1,6.4,7.5,6.7,5.6,CLE,DET,Joey Cantillo,Casey Mize
2025-09-16,12.9,7.4,11.7,4.0,2.8,SDP,NYM,Michael King,Clay Holmes
2025-09-16,11.9,8.3,6.9,2.6,6.0,TOR,TBR,José Berríos,Ryan Pepiot
2025-09-16,11.8,7.3,8.7,2.5,,ATH,BOS,Jeffrey Springs,Connelly Early
2025-09-16,11.7,5.3,4.4,9.9,3.7,SEA,KCR,Logan Gilbert,Michael Wacha
2025-09-16,10.9,5.9,5.7,5.3,,TEX,HOU,Merrill Kelly,AJ Blubaugh
2025-09-16,10.6,1.8,9.5,,4.8,LAA,MIL,Caden Dana,Freddy Peralta
2025-09-16,9.1,2.2,1.0,8.5,6.7,ATL,WSN,Chris Sale,MacKenzie Gore
2025-09-16,8.1,2.9,4.5,4.9,3.9,CIN,STL,Andrew Abbott,Michael McGreevy
2025-09-16,7.9,3.6,4.7,,2.6,SFG,ARI,TBD,Eduardo Rodriguez
2025-09-16,7.6,5.3,-0.8,6.8,3.9,MIA,COL,Eury Pérez,Kyle Freeland
2025-09-16,7.2,3.1,2.7,4.0,4.7,BAL,CHW,Dean Kremer,Shane Smith
2025-09-16,4.8,2.2,1.0,,1.6,ATL,WSN,TBD,Jake Irvin
2025-09-17,16.5,8.8,7.1,9.4,7.6,PHI,LAD,Jesús Luzardo,Blake Snell
2025-09-17,15.4,7.6,11.7,5.5,6.0,SDP,NYM,Nick Pivetta,David Peterson
2025-09-17,14.7,8.4,7.0,5.8,8.1,TOR,TBR,Kevin Gausman,Ian Seymour
2025-09-17,13.2,1.7,9.5,8.0,7.2,LAA,MIL,José Soriano,Brandon Woodruff
2025-09-17,12.6,6.4,7.6,5.3,5.9,CLE,DET,Gavin Williams,Jack Flaherty
2025-09-17,11.9,5.2,4.2,3.2,11.3,SEA,KCR,Bryce Miller,Cole Ragans
2025-09-17,11.9,7.2,8.7,,2.9,ATH,BOS,Mason Barnett,Lucas Giolito
2025-09-17,10.8,10.4,3.5,4.7,2.9,CHC,PIT,Matthew Boyd,Johan Oviedo
2025-09-17,10.6,5.8,5.6,9.6,0.2,TEX,HOU,Jacob deGrom,Cristian Javier
2025-09-17,9.2,8.0,5.0,0.0,5.5,NYY,MIN,Luis Gil,Taj Bradley
2025-09-17,8.6,5.1,-0.9,7.9,,MIA,COL,Ryan Weathers,McCade Brown
2025-09-17,8.3,3.6,5.1,3.1,4.8,SFG,ARI,Justin Verlander,Brandon Pfaadt
2025-09-17,7.9,2.2,0.9,6.5,6.2,ATL,WSN,Hurston Waldrep,Brad Lord
2025-09-17,7.6,3.0,4.6,4.2,3.4,CIN,STL,Brady Singer,Andre Pallante
2025-09-17,5.8,3.1,2.7,,0.7,BAL,CHW,Tyler Wells,Martín Pérez
2025-09-18,15.7,6.5,7.3,4.1,13.5,CLE,DET,Tanner Bibee,Tarik Skubal
2025-09-18,15.1,10.5,3.0,,11.8,CHC,CIN,TBD,Hunter Greene
2025-09-18,14.5,3.5,7.2,9.3,9.1,SFG,LAD,Logan Webb,Yoshinobu Yamamoto
2025-09-18,13.0,8.1,7.0,4.2,6.7,TOR,TBR,Chris Bassitt,Shane Baz
2025-09-18,12.6,7.3,8.7,5.7,3.4,ATH,BOS,J.T. Ginn,Brayan Bello
2025-09-18,11.9,7.5,11.8,-0.5,,SDP,NYM,Randy Vásquez,Jonah Tong
2025-09-18,11.1,8.1,3.4,5.2,5.5,NYY,BAL,Max Fried,Cade Povich
2025-09-18,10.7,1.6,9.6,3.9,6.3,LAA,MIL,Yusei Kikuchi,Quinn Priester
2025-09-18,9.0,5.2,4.2,5.3,3.4,SEA,KCR,Luis Castillo,Stephen Kolek
2025-09-18,7.1,5.1,-1.0,5.6,4.4,MIA,COL,Sandy Alcantara,Tanner Gordon
2025-09-19,17.3,9.0,7.1,12.3,6.3,BOS,TBR,Garrett Crochet,Drew Rasmussen
2025-09-19,15.8,9.7,4.7,10.2,7.0,MIL,STL,Jacob Misiorowski,Sonny Gray
2025-09-19,13.6,5.4,5.6,8.6,7.7,SEA,HOU,Bryan Woo,Hunter Brown
2025-09-19,13.2,7.4,5.2,8.5,5.3,CLE,MIN,Parker Messick,Pablo López
2025-09-19,12.0,10.8,2.8,4.3,6.1,CHC,CIN,Shota Imanaga,Nick Lodolo
2025-09-19,11.8,8.0,3.1,4.5,8.1,NYY,BAL,Will Warren,Trevor Rogers
2025-09-19,11.4,1.0,11.8,,,WSN,NYM,TBD,Brandon Sproat
2025-09-19,10.3,8.6,5.1,2.0,4.8,PHI,ARI,Taijuan Walker,Ryne Nelson
2025-09-19,9.6,4.1,7.4,3.9,3.8,SFG,LAD,Robbie Ray,Clayton Kershaw
2025-09-19,9.4,7.2,3.7,3.0,,ATH,PIT,Luis Severino,TBD
2025-09-19,9.2,2.6,7.2,4.8,3.9,ATL,DET,Bryce Elder,Charlie Morton
2025-09-19,9.1,5.1,5.7,4.2,3.2,MIA,TEX,Janson Junk,Tyler Mahle
2025-09-19,9.0,7.5,4.1,2.8,3.5,TOR,KCR,Max Scherzer,Michael Lorenzen
2025-09-19,6.7,0.0,2.9,7.7,2.8,SDP,CHW,Dylan Cease,Davis Martin
2025-09-19,2.6,1.5,-0.9,,-0.4,LAA,COL,Mitch Farris,Bradley Blalock
2025-09-20,14.2,8.9,7.1,8.3,4.2,BOS,TBR,Kyle Harrison,Adrian Houser
2025-09-20,14.0,1.1,11.6,5.8,9.6,WSN,NYM,Cade Cavalli,Nolan McLean
2025-09-20,13.4,7.3,4.3,9.5,5.8,TOR,KCR,Shane Bieber,Noah Cameron
2025-09-20,12.6,5.5,5.3,8.0,6.4,SEA,HOU,George Kirby,Framber Valdez
2025-09-20,11.5,7.4,5.1,4.7,6.0,CLE,MIN,Slade Cecconi,Joe Ryan
2025-09-20,11.1,7.3,3.7,6.3,,ATH,PIT,Luis Morales,TBD
2025-09-20,11.0,8.5,5.0,4.3,4.1,PHI,ARI,Aaron Nola,Zac Gallen
2025-09-20,10.5,9.7,4.6,4.9,1.8,MIL,STL,Chad Patrick,Miles Mikolas
2025-09-20,10.4,3.8,7.4,4.4,5.2,SFG,LAD,Kai-Wei Teng,Tyler Glasnow
2025-09-20,9.6,7.4,5.1,2.9,3.9,CLE,MIN,Logan Allen,Bailey Ober
2025-09-20,9.4,10.4,3.0,1.3,4.3,CHC,CIN,Javier Assad,Zack Littell
2025-09-20,9.1,5.3,5.6,3.5,3.8,MIA,TEX,Adam Mazur,Jack Leiter
2025-09-20,8.7,8.1,3.0,4.8,1.5,NYY,BAL,Carlos Rodón,Tomoyuki Sugano
2025-09-20,8.3,2.5,7.1,2.5,4.5,ATL,DET,Joey Wentz,Keider Montero
2025-09-20,7.3,7.4,2.8,3.6,0.9,SDP,CHW,Yu Darvish,Yoendrys Gómez
2025-09-20,1.6,1.4,-0.9,1.9,0.9,LAA,COL,Kyle Hendricks,Germán Márquez
2025-09-21,13.5,8.1,3.0,7.9,7.9,NYY,BAL,Cam Schlittler,Kyle Bradish
2025-09-21,12.8,5.6,5.4,10.7,3.9,SEA,HOU,Logan Gilbert,Jason Alexander
2025-09-21,12.8,8.9,7.0,,4.7,BOS,TBR,Connelly Early,Joe Boyle
2025-09-21,12.6,1.0,11.7,2.6,9.9,WSN,NYM,Jake Irvin,Sean Manaea
2025-09-21,12.1,3.6,7.5,,8.1,SFG,LAD,Trevor McDonald,Emmet Sheehan
2025-09-21,11.7,5.3,5.6,7.2,5.2,MIA,TEX,Eury Pérez,Merrill Kelly
2025-09-21,11.7,7.3,3.9,4.3,7.9,ATH,PIT,Mitch Spence,Mike Burrows
2025-09-21,11.7,9.6,4.6,,4.1,MIL,STL,TBD,Matthew Liberatore
2025-09-21,11.3,8.5,5.1,5.7,3.2,PHI,ARI,Ranger Suárez,Eduardo Rodriguez
2025-09-21,11.2,10.4,3.1,3.9,5.1,CHC,CIN,Jameson Taillon,Andrew Abbott
2025-09-21,10.7,2.5,7.0,5.9,5.9,ATL,DET,Spencer Strider,Casey Mize
2025-09-21,10.6,7.4,4.8,6.4,2.6,CLE,MIN,Joey Cantillo,Simeon Woods Richardson
2025-09-21,10.0,7.2,4.5,,3.4,TOR,KCR,Trey Yesavage,Michael Wacha
2025-09-21,8.1,7.3,2.8,3.9,2.3,SDP,CHW,Michael King,Sean Burke
2025-09-21,4.8,1.5,-0.9,,3.9,LAA,COL,Caden Dana,Kyle Freeland
2025-09-22,13.8,9.7,7.5,5.1,5.4,MIL,SDP,Freddy Peralta,Nick Pivetta
2025-09-22,9.6,0.9,2.6,6.8,8.8,WSN,ATL,MacKenzie Gore,Chris Sale
2025-09-22,7.3,4.6,3.6,3.8,2.7,STL,SFG,Michael McGreevy,Justin Verlander
2025-09-23,17.3,11.7,10.1,6.0,6.8,NYM,CHC,David Peterson,Cade Horton
2025-09-23,16.6,7.0,7.4,13.4,5.5,DET,CLE,Tarik Skubal,Gavin Williams
2025-09-23,15.7,5.4,8.4,8.1,9.5,MIA,PHI,Edward Cabrera,Cristopher Sánchez
2025-09-23,15.4,7.4,5.2,12.3,5.9,LAD,ARI,Shohei Ohtani,Brandon Pfaadt
2025-09-23,12.3,5.0,5.7,9.6,4.4,MIN,TEX,Zebby Matthews,Patrick Corbin
2025-09-23,12.2,8.8,7.0,2.6,5.9,BOS,TOR,Lucas Giolito,Kevin Gausman
2025-09-23,11.6,4.6,1.5,12.1,,KCR,LAA,Cole Ragans,Sam Aldegheri
2025-09-23,11.2,4.7,3.7,4.2,9.8,STL,SFG,Andre Pallante,Logan Webb
2025-09-23,10.8,9.7,7.2,,-0.4,MIL,SDP,Bruce Zimmermann,Randy Vásquez
2025-09-23,9.8,6.9,2.8,5.9,4.0,TBR,BAL,Ryan Pepiot,Dean Kremer
2025-09-23,8.8,0.8,2.7,6.3,7.8,WSN,ATL,Brad Lord,Hurston Waldrep
2025-09-23,8.1,2.9,8.2,5.1,0.1,CHW,NYY,Shane Smith,Luis Gil
2025-09-23,7.8,5.6,7.2,0.5,2.3,HOU,ATH,Cristian Javier,Jeffrey Springs
2025-09-23,7.2,-0.8,5.2,,,COL,SEA,TBD,TBD
2025-09-23,6.6,4.0,3.1,1.7,4.3,PIT,CIN,Johan Oviedo,Brady Singer
2025-09-24,15.7,8.9,6.8,12.3,3.4,BOS,TOR,Garrett Crochet,Max Scherzer
2025-09-24,15.7,11.8,10.1,,4.6,NYM,CHC,Jonah Tong,Matthew Boyd
2025-09-24,15.4,5.4,8.3,7.1,10.0,MIA,PHI,Ryan Weathers,Jesús Luzardo
2025-09-24,15.4,4.1,3.2,11.4,12.1,PIT,CIN,Paul Skenes,Hunter Greene
2025-09-24,15.1,9.6,7.4,4.9,8.5,MIL,SDP,Chad Patrick,Dylan Cease
2025-09-24,13.1,5.2,5.5,6.2,9.4,MIN,TEX,Taj Bradley,Jacob deGrom
2025-09-24,12.7,7.0,7.4,6.5,4.5,DET,CLE,Jack Flaherty,Tanner Bibee
2025-09-24,12.7,7.2,5.2,8.4,4.5,LAD,ARI,Blake Snell,Ryne Nelson
2025-09-24,11.8,5.4,7.3,7.8,3.1,HOU,ATH,Hunter Brown,Luis Severino
2025-09-24,11.1,6.7,2.8,7.6,,TBR,BAL,Shane Baz,Tyler Wells
2025-09-24,11.0,2.8,8.4,,5.7,CHW,NYY,Fraser Ellard,Max Fried
2025-09-24,10.7,4.8,3.6,8.2,,STL,SFG,Sonny Gray,JT Brubaker
2025-09-24,7.4,-0.9,5.4,5.2,5.1,COL,SEA,Tanner Gordon,Luis Castillo
2025-09-24,7.4,0.8,2.8,,6.1,WSN,ATL,Andrew Alvarez,Bryce Elder
2025-09-24,7.0,4.7,1.5,4.0,3.7,KCR,LAA,Stephen Kolek,Yusei Kikuchi
2025-09-25,18.0,11.7,10.2,10.2,3.9,NYM,CHC,Nolan McLean,Shota Imanaga
2025-09-25,14.4,6.9,7.5,,9.5,DET,CLE,TBD,Parker Messick
2025-09-25,12.8,5.2,7.3,6.7,6.5,HOU,ATH,Framber Valdez,J.T. Ginn
2025-09-25,12.5,7.4,5.3,8.9,3.4,LAD,ARI,Yoshinobu Yamamoto,Jalen Beeks
2025-09-25,12.0,8.9,6.7,3.5,,BOS,TOR,Brayan Bello,Louis Varland
2025-09-25,11.1,6.8,2.8,6.3,6.3,TBR,BAL,Drew Rasmussen,Cade Povich
2025-09-25,11.1,3.9,3.4,8.7,6.2,PIT,CIN,Braxton Ashcraft,Nick Lodolo
2025-09-25,9.5,5.1,8.6,4.5,1.0,MIA,PHI,Janson Junk,Walker Buehler
2025-09-25,9.5,2.7,8.4,2.9,5.1,CHW,NYY,Davis Martin,Carlos Rodón
2025-09-25,9.1,5.1,5.5,4.3,3.5,MIN,TEX,Bailey Ober,Tyler Mahle
2025-09-25,7.5,4.7,1.6,3.7,,KCR,LAA,Michael Lorenzen,Mitch Farris
2025-09-25,5.5,-0.9,5.7,1.2,,COL,SEA,Bradley Blalock,TBD
2025-09-26,14.8,7.0,8.8,5.6,8.4,DET,BOS,Casey Mize,Kyle Harrison
2025-09-26,14.1,11.6,5.0,,6.7,NYM,MIA,Brandon Sproat,Sandy Alcantara
2025-09-26,13.4,7.5,5.8,8.6,,LAD,SEA,Emmet Sheehan,TBD
2025-09-26,13.2,6.7,6.7,3.8,9.1,TBR,TOR,Adrian Houser,Shane Bieber
2025-09-26,12.4,5.1,8.6,5.8,5.3,MIN,PHI,Joe Ryan,Aaron Nola
2025-09-26,12.1,2.9,8.5,7.9,5.0,BAL,NYY,Trevor Rogers,Will Warren
2025-09-26,11.9,3.4,9.7,4.1,6.5,CIN,MIL,Zack Littell,Quinn Priester
2025-09-26,11.3,4.5,7.3,5.9,,KCR,ATH,Noah Cameron,TBD
2025-09-26,11.0,5.1,7.4,4.9,4.6,ARI,SDP,Zac Gallen,Yu Darvish
2025-09-26,10.9,5.4,7.4,3.8,5.1,TEX,CLE,Jack Leiter,Slade Cecconi
2025-09-26,10.9,4.9,10.0,1.8,,STL,CHC,Miles Mikolas,TBD
2025-09-26,7.4,3.8,3.1,4.1,3.7,PIT,ATL,Mitch Keller,Joey Wentz
2025-09-26,6.6,5.1,1.6,4.7,2.0,HOU,LAA,Jason Alexander,Kyle Hendricks
2025-09-26,5.5,2.7,0.8,1.4,6.3,CHW,WSN,Yoendrys Gómez,Cade Cavalli
2025-09-26,4.8,-0.8,3.9,1.6,,COL,SFG,Germán Márquez,Trevor McDonald
2025-09-27,14.5,7.4,5.9,5.2,10.3,LAD,SEA,Tyler Glasnow,Logan Gilbert
2025-09-27,13.7,11.7,5.1,2.9,7.6,NYM,MIA,Clay Holmes,Eury Pérez
2025-09-27,12.9,7.0,8.8,,,DET,BOS,TBD,Connelly Early
2025-09-27,12.6,5.1,8.6,5.7,5.7,MIN,PHI,Mick Abel,Ranger Suárez
2025-09-27,12.6,3.8,3.1,12.8,5.5,PIT,ATL,Bubba Chandler,Spencer Strider
2025-09-27,12.1,5.3,7.5,,6.4,TEX,CLE,TBD,Joey Cantillo
2025-09-27,12.1,6.6,6.8,5.7,,TBR,TOR,Joe Boyle,Trey Yesavage
2025-09-27,11.5,3.4,9.7,5.0,,CIN,MIL,Andrew Abbott,Robert Gasser
2025-09-27,11.3,4.7,10.2,3.5,4.1,STL,CHC,Michael McGreevy,Jameson Taillon
2025-09-27,10.5,4.4,7.3,3.4,5.9,KCR,ATH,Michael Wacha,Luis Morales
2025-09-27,10.5,3.0,8.4,1.5,8.1,BAL,NYY,Tomoyuki Sugano,Cam Schlittler
2025-09-27,9.5,5.3,7.4,2.8,3.6,ARI,SDP,Eduardo Rodriguez,Michael King
2025-09-27,8.8,4.9,1.5,7.5,3.6,HOU,LAA,AJ Blubaugh,Caden Dana
2025-09-27,4.9,-1.0,3.8,4.2,2.8,COL,SFG,Kyle Freeland,Justin Verlander
2025-09-27,4.3,2.7,0.8,2.6,2.5,CHW,WSN,Sean Burke,Jake Irvin
2025-09-28,17.4,11.8,5.0,9.9,8.1,NYM,MIA,Sean Manaea,Edward Cabrera
2025-09-28,14.6,4.5,7.2,12.4,,KCR,ATH,Cole Ragans,Brady Basso
2025-09-28,12.9,5.2,8.6,2.4,9.6,MIN,PHI,Simeon Woods Richardson,Cristopher Sánchez
2025-09-28,12.7,6.5,6.7,6.4,5.8,TBR,TOR,Ian Seymour,Kevin Gausman
2025-09-28,12.1,7.1,8.6,3.5,,DET,BOS,Chris Paddack,TBD
2025-09-28,11.2,3.4,9.6,4.2,5.3,CIN,MIL,Brady Singer,Freddy Peralta
2025-09-28,10.9,5.1,7.6,4.0,,TEX,CLE,Patrick Corbin,TBD
2025-09-28,10.7,7.5,5.9,3.6,4.3,LAD,SEA,Clayton Kershaw,Bryce Miller
2025-09-28,10.3,4.5,10.4,,0.7,STL,CHC,Kyle Leahy,Javier Assad
2025-09-28,10.0,5.1,7.6,5.7,1.6,ARI,SDP,Brandon Pfaadt,JP Sears
2025-09-28,9.1,2.9,8.3,7.5,-0.5,BAL,NYY,Kyle Bradish,Luis Gil
2025-09-28,7.4,2.6,1.0,5.1,6.2,CHW,WSN,Shane Smith,Brad Lord
2025-09-28,7.0,4.2,3.0,2.3,4.6,PIT,ATL,Johan Oviedo,Charlie Morton
2025-09-28,6.4,-0.9,3.8,0.3,9.6,COL,SFG,McCade Brown,Logan Webb
2025-09-28,5.8,5.0,1.5,0.1,,HOU,LAA,Lance McCullers Jr.,Sam Aldegheri
2025-09-30,17.4,8.6,8.4,12.1,5.7,BOS,NYY,Garrett Crochet,Max Fried
2025-09-30,17.0,7.0,7.7,13.4,5.8,DET,CLE,Tarik Skubal,Gavin Williams
2025-09-30,15.6,3.4,7.5,12.1,8.3,CIN,LAD,Hunter Greene,Blake Snell
2025-09-30,13.7,7.4,10.4,5.1,4.4,SDP,CHC,Nick Pivetta,Matthew Boyd
2025-10-01,15.7,7.3,10.4,8.6,,SDP,CHC,Dylan Cease,Andrew Kittredge
2025-10-01,12.6,8.8,8.5,3.1,4.9,BOS,NYY,Brayan Bello,Carlos Rodón
2025-10-01,12.4,6.8,7.8,5.9,4.4,DET,CLE,Casey Mize,Tanner Bibee
2025-10-01,11.9,3.4,7.6,4.0,8.9,CIN,LAD,Zack Littell,Yoshinobu Yamamoto
2025-10-02,15.1,8.8,8.5,,8.0,BOS,NYY,Connelly Early,Cam Schlittler
2025-10-02,13.2,7.4,10.4,4.3,4.3,SDP,CHC,Yu Darvish,Jameson Taillon
2025-10-02,13.2,6.8,7.7,6.6,5.1,DET,CLE,Jack Flaherty,Slade Cecconi
2025-10-04,19.1,7.6,8.3,12.5,9.7,LAD,PHI,Shohei Ohtani,Cristopher Sánchez
2025-10-04,14.9,10.4,9.7,4.4,5.3,CHC,MIL,Matthew Boyd,Freddy Peralta
2025-10-04,14.0,6.8,5.9,5.9,9.3,DET,SEA,Troy Melton,George Kirby
2025-10-04,10.4,8.5,6.9,-0.4,5.9,NYY,TOR,Luis Gil,Kevin Gausman
2025-10-05,15.8,6.8,5.9,13.4,5.5,DET,SEA,Tarik Skubal,Luis Castillo
2025-10-05,13.0,8.5,6.9,5.7,,NYY,TOR,Max Fried,Trey Yesavage
2025-10-06,17.2,7.6,8.3,8.3,10.2,LAD,PHI,Blake Snell,Jesús Luzardo
2025-10-06,16.4,10.4,9.7,3.8,8.9,CHC,MIL,Shota Imanaga,Aaron Ashby
2025-10-07,14.7,5.9,6.8,10.2,6.6,SEA,DET,Logan Gilbert,Jack Flaherty
2025-10-07,14.1,6.9,8.5,7.8,4.9,TOR,NYY,Shane Bieber,Carlos Rodón
2025-10-08,17.1,6.9,8.5,10.8,8.0,TOR,NYY,Louis Varland,Cam Schlittler
2025-10-08,15.5,9.7,10.4,6.5,4.3,MIL,CHC,Quinn Priester,Jameson Taillon
2025-10-08,15.2,8.3,7.6,5.6,8.9,PHI,LAD,Aaron Nola,Yoshinobu Yamamoto
2025-10-08,11.4,5.9,6.8,4.2,5.9,SEA,DET,Bryce Miller,Casey Mize
2025-10-09,15.4,8.3,7.6,9.7,5.2,PHI,LAD,Cristopher Sánchez,Tyler Glasnow
2025-10-09,15.1,9.7,10.4,,,MIL,CHC,TBD,TBD
2025-10-10,17.7,6.8,5.9,13.4,9.3,DET,SEA,Tarik Skubal,George Kirby
2025-10-11,15.1,10.4,9.7,,,CHC,MIL,TBD,TBD
2025-10-12,11.5,5.9,6.9,4.2,5.9,SEA,TOR,Bryce Miller,Kevin Gausman
2025-10-13,15.3,7.6,9.7,8.3,,LAD,MIL,Blake Snell,TBD
2025-10-13,14.0,5.9,6.9,10.2,,SEA,TOR,Logan Gilbert,Trey Yesavage
2025-10-14,15.7,7.6,9.7,8.9,5.3,LAD,MIL,Yoshinobu Yamamoto,Freddy Peralta
2025-10-15,15.0,7.0,5.9,7.8,9.3,TOR,SEA,Shane Bieber,George Kirby
2025-10-16,13.8,9.7,7.6,,5.2,MIL,LAD,TBD,Tyler Glasnow
2025-10-16,11.2,6.9,5.9,4.1,5.5,TOR,SEA,Max Scherzer,Luis Castillo
2025-10-17,14.7,9.7,7.6,-0.3,12.5,MIL,LAD,Jose Quintana,Shohei Ohtani
2025-10-17,11.5,6.9,5.9,5.9,4.2,TOR,SEA,Kevin Gausman,Bryce Miller
2025-10-19,14.0,5.9,6.9,10.2,,SEA,TOR,Logan Gilbert,Trey Yesavage
2025-10-20,15.0,5.9,6.9,9.3,7.8,SEA,TOR,George Kirby,Shane Bieber
2025-10-24,13.9,7.6,6.9,8.3,,LAD,TOR,Blake Snell,Trey Yesavage
2025-10-25,14.6,7.6,6.9,8.9,5.9,LAD,TOR,Yoshinobu Yamamoto,Kevin Gausman
2025-10-27,11.9,6.9,7.6,4.1,5.2,TOR,LAD,Max Scherzer,Tyler Glasnow
2025-10-28,17.4,6.9,7.6,7.8,12.5,TOR,LAD,Shane Bieber,Shohei Ohtani
2025-10-29,13.9,7.0,7.6,,8.3,TOR,LAD,Trey Yesavage,Blake Snell
2025-10-31,14.6,7.6,7.0,8.9,5.9,LAD,TOR,Yoshinobu Yamamoto,Kevin Gausman
2025-11-01,11.8,7.6,6.9,,4.1,LAD,TOR,TBD,Max Scherzer
2026-03-27,14.9,12.1,7.7,,,CLE,SEA,Gavin Williams,George Kirby
2026-03-27,10.0,5.0,5.0,,,DET,SDP,Framber Valdez,Michael King
2026-03-27,9.9,7.7,2.2,,,LAA,HOU,Yusei Kikuchi,Mike Burrows
2026-03-27,9.0,1.5,6.4,,,NYY,SFG,Cam Schlittler,Robbie Ray
2026-03-27,7.5,-1.5,6.5,,,ARI,LAD,Ryne Nelson,Emmet Sheehan
2026-03-27,5.0,0.0,0.0,,,ATH,TOR,Luis Severino,Kevin Gausman
2026-03-27,5.0,0.0,0.0,,,COL,MIA,Kyle Freeland,Sandy Alcantara
2026-03-27,5.0,0.0,0.0,,,KCR,ATL,Cole Ragans,Chris Sale
2026-03-28,12.7,8.8,6.7,,,CLE,SEA,Joey Cantillo,Bryan Woo
2026-03-28,11.8,6.7,7.0,,,CHW,MIL,Sean Burke,Chad Patrick
2026-03-28,11.4,2.1,10.7,,,ARI,LAD,Eduardo Rodriguez,Tyler Glasnow
2026-03-28,11.4,9.4,3.4,,,LAA,HOU,Reid Detmers,Cristian Javier
2026-03-28,10.9,3.1,8.7,,,COL,MIA,Michael Lorenzen,Eury Pérez
2026-03-28,10.7,4.5,6.8,,,TBR,STL,Joe Boyle,Michael McGreevy
2026-03-28,10.6,7.5,3.7,,,WSN,CHC,Miles Mikolas,Cade Horton
2026-03-28,10.3,7.0,3.6,,,BOS,CIN,Sonny Gray,Brady Singer
2026-03-28,10.3,5.5,5.1,,,TEX,PHI,Jacob deGrom,Aaron Nola
2026-03-28,10.2,7.9,2.5,,,ATH,TOR,Jeffrey Springs,Dylan Cease
2026-03-28,9.8,4.9,4.7,,,DET,SDP,Jack Flaherty,Randy Vásquez
2026-03-28,9.7,0.5,8.8,,,PIT,NYM,Mitch Keller,David Peterson
2026-03-28,9.5,4.1,4.9,,,KCR,ATL,Michael Wacha,Reynaldo López
2026-03-28,9.4,4.8,4.1,,,MIN,BAL,Taj Bradley,Kyle Bradish
2026-03-28,9.4,6.8,2.0,,,NYY,SFG,Will Warren,Tyler Mahle
2026-03-29,14.3,8.1,10.4,,,CHW,MIL,Anthony Kay,Brandon Sproat
2026-03-29,13.7,8.8,8.6,,,CLE,SEA,Slade Cecconi,Emerson Hancock
2026-03-29,12.6,4.1,11.0,,,COL,MIA,Jose Quintana,Max Meyer
2026-03-29,11.2,10.2,2.3,,,LAA,HOU,Jack Kochanowicz,Tatsuya Imai
2026-03-29,10.5,5.5,5.6,,,WSN,CHC,Jake Irvin,Shota Imanaga
2026-03-29,9.8,-1.1,10.7,,,PIT,NYM,Carmen Mlodzinski,Nolan McLean
2026-03-29,9.7,5.2,4.2,,,TEX,PHI,MacKenzie Gore,Jesús Luzardo
2026-03-29,9.5,5.2,3.7,,,ATH,TOR,Luis Morales,Eric Lauer
2026-03-29,9.4,6.6,2.2,,,BOS,CIN,Connelly Early,Rhett Lowder
2026-03-29,9.1,1.7,6.5,,,KCR,ATL,Seth Lugo,Grant Holmes
2026-03-29,8.8,4.0,3.6,,,MIN,BAL,Bailey Ober,Shane Baz
2026-03-29,8.8,0.7,6.8,,,TBR,STL,Steven Matz,Dustin May
2026-03-30,15.6,7.7,13.5,,,CHW,MIA,Davis Martin,Chris Paddack
2026-03-30,13.7,8.9,8.5,,,NYY,SEA,Ryan Weathers,Luis Castillo
2026-03-30,13.2,6.5,9.8,,,CLE,LAD,Parker Messick,Roki Sasaki
2026-03-30,12.6,7.6,7.6,,,NYM,STL,Clay Holmes,Kyle Leahy
2026-03-30,11.5,7.8,5.3,,,LAA,CHC,Ryan Johnson,Edward Cabrera
2026-03-30,11.1,4.7,7.5,,,ATH,ATL,Jacob Lopez,Bryce Elder
2026-03-30,10.9,1.0,10.8,,,TBR,MIL,Nick Martinez,Kyle Harrison
2026-03-30,10.4,5.9,4.8,,,WSN,PHI,Foster Griffin,Taijuan Walker
2026-03-30,10.0,3.0,7.1,,,SFG,SDP,Landen Roupp,Walker Buehler
2026-03-30,9.7,3.3,6.1,,,COL,TOR,Tomoyuki Sugano,Cody Ponce
2026-03-30,9.7,6.7,2.7,,,BOS,HOU,Ranger Suarez,Lance McCullers Jr.
2026-03-30,9.1,5.7,2.5,,,TEX,BAL,Jack Leiter,Chris Bassitt
2026-03-30,8.7,5.8,1.7,,,MIN,KCR,Simeon Woods Richardson,Kris Bubic
2026-03-30,6.6,4.3,-1.0,,,DET,ARI,Justin Verlander,Michael Soroka
2026-03-30,6.3,0.1,2.5,,,PIT,CIN,Braxton Ashcraft,Chase Burns
2026-03-31,15.1,5.9,14.3,,,CHW,MIA,Erick Fedde,Janson Junk
2026-03-31,13.2,6.5,9.9,,,NYY,SEA,Max Fried,Logan Gilbert
2026-03-31,12.3,2.9,11.7,,,TBR,MIL,Shane McClanahan,Brandon Woodruff
2026-03-31,12.1,5.6,8.7,,,ATH,ATL,Aaron Civale,José Suarez
2026-03-31,12.0,5.2,8.7,,,CLE,LAD,Tanner Bibee,Shohei Ohtani
2026-03-31,11.7,6.3,7.1,,,NYM,STL,Kodai Senga,Andre Pallante
2026-03-31,11.4,5.0,7.8,,,LAA,CHC,José Soriano,Jameson Taillon
2026-03-31,11.1,6.6,5.6,,,BOS,HOU,Brayan Bello,Hunter Brown
2026-03-31,10.4,4.1,6.8,,,COL,TOR,Ryan Feltner,Max Scherzer
2026-03-31,9.2,4.6,3.7,,,WSN,PHI,PJ Poulin,Andrew Painter
2026-03-31,8.5,1.7,5.3,,,SFG,SDP,Logan Webb,Germán Márquez
2026-03-31,8.5,5.0,1.9,,,TEX,BAL,TBD,Zach Eflin
2026-03-31,7.8,5.2,0.3,,,DET,ARI,Casey Mize,Brandon Pfaadt
2026-03-31,6.3,-0.3,3.0,,,PIT,CIN,Bubba Chandler,Brandon Williamson
2026-04-01,14.3,5.7,12.8,,,CHW,MIA,Shane Smith,Sandy Alcantara
2026-04-01,12.8,6.4,9.3,,,NYY,SEA,Cam Schlittler,George Kirby
2026-04-01,12.3,5.0,9.6,,,NYM,STL,Freddy Peralta,Matthew Liberatore
2026-04-01,11.9,5.3,8.5,,,CLE,LAD,Gavin Williams,Yoshinobu Yamamoto
2026-04-01,11.8,1.7,11.9,,,TBR,MIL,Drew Rasmussen,Jacob Misiorowski
2026-04-01,11.6,6.0,7.2,,,LAA,CHC,Yusei Kikuchi,Matthew Boyd
2026-04-01,11.4,4.5,8.2,,,ATH,ATL,Luis Severino,Chris Sale
2026-04-01,11.2,5.7,6.7,,,BOS,HOU,Garrett Crochet,Mike Burrows
2026-04-01,10.9,3.4,8.3,,,COL,TOR,Kyle Freeland,Kevin Gausman
2026-04-01,10.6,6.4,4.9,,,MIN,KCR,Joe Ryan,Noah Cameron
2026-04-01,9.6,3.5,5.7,,,SFG,SDP,Adrian Houser,Nick Pivetta
2026-04-01,9.3,4.5,4.1,,,WSN,PHI,Cade Cavalli,Cristopher Sánchez
2026-04-01,8.3,5.8,0.9,,,TEX,BAL,Nathan Eovaldi,Trevor Rogers
2026-04-01,6.9,2.6,1.2,,,DET,ARI,Tarik Skubal,Zac Gallen
2026-04-01,6.7,-0.7,4.2,,,PIT,CIN,Paul Skenes,Andrew Abbott
2026-04-02,11.4,8.0,4.9,,,TOR,CHW,Dylan Cease,Sean Burke
2026-04-02,10.1,7.7,2.6,,,ATL,ARI,Reynaldo López,Ryne Nelson
2026-04-02,9.7,5.8,3.6,,,NYM,SFG,David Peterson,Robbie Ray
2026-04-02,9.1,4.1,4.1,,,MIN,KCR,Taj Bradley,Cole Ragans
2026-04-03,15.1,13.7,6.4,,,MIA,NYY,Eury Pérez,Will Warren
2026-04-03,13.0,12.6,3.5,,,MIL,KCR,Chad Patrick,Luinder Avila
2026-04-03,12.0,8.9,5.0,,,HOU,ATH,Cristian Javier,Jeffrey Springs
2026-04-03,11.6,7.0,6.2,,,CHC,CLE,Cade Horton,Joey Cantillo
2026-04-03,11.4,10.2,2.6,,,STL,DET,Michael McGreevy,Framber Valdez
2026-04-03,11.4,8.1,4.6,,,TOR,CHW,Dylan Cease,Grant Taylor
2026-04-03,11.0,8.5,3.5,,,LAD,WSN,Emmet Sheehan,Miles Mikolas
2026-04-03,10.8,5.3,6.3,,,SDP,BOS,Michael King,Sonny Gray
2026-04-03,10.5,5.4,5.7,,,CIN,TEX,Brady Singer,MacKenzie Gore
2026-04-03,9.9,6.7,3.2,,,SEA,LAA,Bryan Woo,Reid Detmers
2026-04-03,9.6,5.6,3.7,,,PHI,COL,Aaron Nola,Michael Lorenzen
2026-04-03,9.1,7.2,1.0,,,ATL,ARI,Grant Holmes,Eduardo Rodriguez
2026-04-03,8.8,5.0,2.5,,,NYM,SFG,Nolan McLean,Tyler Mahle
2026-04-03,7.7,1.7,3.7,,,TBR,MIN,Joe Boyle,Bailey Ober
2026-04-03,7.4,3.7,1.0,,,BAL,PIT,Kyle Bradish,Mitch Keller
2026-04-04,15.3,13.0,7.5,,,MIA,NYY,Max Meyer,Ryan Weathers
2026-04-04,13.8,12.7,4.8,,,MIL,KCR,Chad Patrick,Luinder Avila
2026-04-04,13.8,12.7,4.8,,,MIL,KCR,Brandon Sproat,Seth Lugo
2026-04-04,12.1,6.4,7.8,,,CHC,CLE,Shota Imanaga,Slade Cecconi
2026-04-04,11.3,7.8,4.7,,,TOR,CHW,Mason Fluharty,Grant Taylor
2026-04-04,11.3,7.6,4.9,,,HOU,ATH,Tatsuya Imai,Luis Morales
2026-04-04,11.1,8.8,3.4,,,LAD,WSN,Tyler Glasnow,Jake Irvin
2026-04-04,11.1,8.9,3.3,,,STL,DET,Dustin May,Jack Flaherty
2026-04-04,10.4,4.5,6.3,,,SDP,BOS,Randy Vásquez,Connelly Early
2026-04-04,10.3,5.6,5.0,,,CIN,TEX,Rhett Lowder,Kumar Rocker
2026-04-04,9.9,7.5,2.3,,,NYM,SFG,Clay Holmes,Landen Roupp
2026-04-04,9.9,9.9,-0.1,,,ATL,ARI,Bryce Elder,Michael Soroka
2026-04-04,9.0,5.0,3.0,,,PHI,COL,Jesús Luzardo,TBD
2026-04-04,8.9,6.0,1.8,,,SEA,LAA,Emerson Hancock,Jack Kochanowicz
2026-04-04,7.8,0.8,4.9,,,TBR,MIN,Steven Matz,Mick Abel
2026-04-04,7.4,4.0,0.8,,,BAL,PIT,Shane Baz,Carmen Mlodzinski
2026-04-05,15.3,12.5,8.0,,,MIA,NYY,Chris Paddack,Max Fried
2026-04-05,12.6,10.5,4.6,,,MIL,KCR,Kyle Harrison,Kris Bubic
2026-04-05,12.4,6.8,8.0,,,CHC,CLE,Edward Cabrera,Slade Cecconi
2026-04-05,12.4,6.8,8.0,,,CHC,CLE,Shota Imanaga,Parker Messick
2026-04-05,12.3,9.5,5.1,,,HOU,ATH,Lance McCullers Jr.,Jacob Lopez
2026-04-05,11.6,9.3,3.9,,,LAD,WSN,Roki Sasaki,Foster Griffin
2026-04-05,11.2,6.0,6.4,,,SDP,BOS,Walker Buehler,Ranger Suarez
2026-04-05,11.1,8.6,3.5,,,STL,DET,Kyle Leahy,Keider Montero
2026-04-05,10.8,5.7,5.9,,,CIN,TEX,Chase Burns,Jack Leiter
2026-04-05,10.6,6.7,4.5,,,TOR,CHW,Eric Lauer,Davis Martin
2026-04-05,9.5,6.0,3.0,,,PHI,COL,Taijuan Walker,Tomoyuki Sugano
2026-04-05,9.2,7.9,0.5,,,ATL,ARI,Martín Pérez,Brandon Pfaadt
2026-04-05,9.1,6.5,1.7,,,NYM,SFG,Kodai Senga,Logan Webb
2026-04-05,8.9,5.9,1.8,,,SEA,LAA,Luis Castillo,Ryan Johnson
2026-04-05,8.5,4.6,2.4,,,BAL,PIT,Chris Bassitt,Braxton Ashcraft
2026-04-05,6.8,1.5,2.1,,,TBR,MIN,Nick Martinez,Simeon Woods Richardson
2026-04-06,14.3,6.8,11.7,,,CIN,MIA,Brandon Williamson,Janson Junk
2026-04-06,13.3,9.7,7.0,,,LAD,TOR,Justin Wrobleski,Max Scherzer
2026-04-06,13.3,10.7,5.9,,,MIL,BOS,Brandon Woodruff,Brayan Bello
2026-04-06,11.3,8.3,4.4,,,STL,WSN,Andre Pallante,Zack Littell
2026-04-06,11.3,6.2,6.4,,,SEA,TEX,Logan Gilbert,Jacob deGrom
2026-04-06,11.1,9.1,3.0,,,HOU,COL,Cody Bolton,Ryan Feltner
2026-04-06,10.3,7.1,3.6,,,SDP,PIT,Germán Márquez,Bubba Chandler
2026-04-06,10.2,7.9,2.5,,,ATL,LAA,Chris Sale,José Soriano
2026-04-06,10.1,4.1,6.0,,,KCR,CLE,Michael Wacha,Tanner Bibee
2026-04-06,8.9,3.0,4.9,,,BAL,CHW,TBD,Grant Taylor
2026-04-06,8.7,5.5,1.9,,,CHC,TBR,Jameson Taillon,Shane McClanahan
2026-04-06,8.6,5.6,1.6,,,PHI,SFG,Andrew Painter,Adrian Houser
2026-04-06,7.5,4.7,0.2,,,DET,MIN,Casey Mize,Joe Ryan
2026-04-07,13.1,6.4,9.8,,,CIN,MIA,Andrew Abbott,Sandy Alcantara
2026-04-07,12.8,10.0,5.7,,,LAD,TOR,Yoshinobu Yamamoto,Kevin Gausman
2026-04-07,12.3,9.3,5.4,,,MIL,BOS,Jacob Misiorowski,Garrett Crochet
2026-04-07,12.1,5.1,9.0,,,ATH,NYY,Aaron Civale,Cam Schlittler
2026-04-07,11.6,8.3,4.9,,,SDP,PIT,Nick Pivetta,Paul Skenes
2026-04-07,11.2,7.2,5.3,,,STL,WSN,Matthew Liberatore,Cade Cavalli
2026-04-07,10.9,8.3,3.4,,,HOU,COL,Mike Burrows,Kyle Freeland
2026-04-07,10.8,5.5,6.1,,,SEA,TEX,George Kirby,Nathan Eovaldi
2026-04-07,10.6,5.2,6.0,,,KCR,CLE,Noah Cameron,Gavin Williams
2026-04-07,10.0,7.8,2.3,,,ATL,LAA,Reynaldo López,Yusei Kikuchi
2026-04-07,9.9,2.2,7.6,,,ARI,NYM,Zac Gallen,Freddy Peralta
2026-04-07,9.1,5.4,2.8,,,CHC,TBR,Javier Assad,Drew Rasmussen
2026-04-07,8.8,6.5,1.0,,,PHI,SFG,Cristopher Sánchez,Robbie Ray
2026-04-07,8.6,2.9,4.3,,,BAL,CHW,Trevor Rogers,Shane Smith
2026-04-07,8.1,5.4,0.8,,,DET,MIN,Tarik Skubal,Taj Bradley
2026-05-10,13.6,5.1,7.3,6.9,7.8,SEA,CHW,Logan Gilbert,Davis Martin
2026-05-10,13.4,10.2,6.6,,,NYY,MIL,Carlos Rodón,Logan Henderson
2026-05-10,13.4,8.5,10.5,5.7,2.1,ATL,LAD,Bryce Elder,Justin Wrobleski
2026-05-10,13.2,8.4,9.1,3.9,4.9,STL,SDP,Kyle Leahy,Walker Buehler
2026-05-10,13.0,9.4,4.1,2.7,9.9,CHC,TEX,Jameson Taillon,Jacob deGrom
2026-05-10,11.9,3.5,6.0,,9.3,MIN,CLE,Andrew Morris,Gavin Williams
2026-05-10,11.8,5.6,8.7,4.1,5.3,WSN,MIA,Cade Cavalli,Sandy Alcantara
2026-05-10,10.4,1.9,4.4,9.4,,LAA,TOR,José Soriano,Spencer Miles
2026-05-10,9.9,3.1,5.7,,6.1,DET,KCR,Brenan Hanifee,Noah Cameron
2026-05-10,9.4,6.2,3.5,4.0,,ATH,BAL,Luis Severino,Keegan Akin
2026-05-10,8.8,3.9,3.7,0.6,9.3,COL,PHI,Tomoyuki Sugano,Cristopher Sánchez
2026-05-10,8.8,4.1,5.6,5.8,2.1,HOU,CIN,Kai-Wei Teng,Andrew Abbott
2026-05-10,8.1,1.1,6.5,3.7,,TBR,BOS,Nick Martinez,Payton Tolle
2026-05-10,7.6,7.0,1.2,2.9,4.2,PIT,SFG,Bubba Chandler,Tyler Mahle
2026-05-10,6.8,4.0,3.3,,1.3,NYM,ARI,Huascar Brazobán,Eduardo Rodriguez
2026-05-11,12.2,10.4,3.5,8.8,1.8,NYY,BAL,Ryan Weathers,Brandon Young
2026-05-11,11.6,3.3,4.6,7.1,8.2,ARI,TEX,Michael Soroka,Nathan Eovaldi
2026-05-11,10.2,1.3,9.9,,4.2,SFG,LAD,Trevor McDonald,Roki Sasaki
2026-05-11,9.8,2.1,6.4,7.4,3.8,LAA,CLE,Brent Suter,Joey Cantillo
2026-05-11,9.7,4.7,3.8,6.9,3.9,SEA,HOU,George Kirby,Peter Lambert
2026-05-11,9.5,1.0,3.7,8.2,6.1,TBR,TOR,Drew Rasmussen,Kevin Gausman
2026-05-12,13.5,10.1,3.5,8.4,,NYY,BAL,Will Warren,TBD
2026-05-12,13.2,9.2,8.4,6.0,2.7,CHC,ATL,Colin Rea,Grant Holmes
2026-05-12,12.7,9.3,6.4,,4.8,SDP,MIL,Matt Waldron,Brandon Sproat
2026-05-12,11.9,3.8,6.7,3.3,10.1,COL,PIT,Michael Lorenzen,Paul Skenes
2026-05-12,11.3,1.4,10.1,4.2,7.0,SFG,LAD,Adrian Houser,Yoshinobu Yamamoto
2026-05-12,10.6,8.4,3.7,6.7,2.4,MIA,MIN,Eury Pérez,Bailey Ober
2026-05-12,10.5,8.6,6.5,2.4,3.4,STL,ATH,Andre Pallante,Jeffrey Springs
2026-05-12,10.3,4.6,6.1,,,PHI,BOS,Zack Wheeler,TBD
2026-05-12,9.8,5.6,7.8,,1.2,KCR,CHW,Stephen Kolek,Erick Fedde
2026-05-12,9.5,5.8,5.8,3.5,4.0,WSN,CIN,Miles Mikolas,Brady Singer
2026-05-12,9.5,4.7,4.1,5.1,,SEA,HOU,Bryan Woo,Tatsuya Imai
2026-05-12,8.1,3.6,4.2,2.5,5.8,ARI,TEX,Zac Gallen,MacKenzie Gore
2026-05-12,7.8,1.4,6.8,4.6,2.9,LAA,CLE,Walbert Ureña,Slade Cecconi
2026-05-12,6.9,1.0,3.4,6.4,2.9,TBR,TOR,Shane McClanahan,Patrick Corbin
2026-05-12,6.5,3.6,4.0,0.6,4.9,DET,NYM,Jack Flaherty,Freddy Peralta
2026-05-13,15.8,9.1,6.7,3.2,12.7,SDP,MIL,Michael King,Jacob Misiorowski
2026-05-13,14.5,8.8,8.8,6.4,,CHC,ATL,Shota Imanaga,JR Ritchie
2026-05-13,11.9,1.5,10.1,3.0,9.3,SFG,LAD,Robbie Ray,Shohei Ohtani
2026-05-13,11.8,1.5,6.5,6.5,9.2,LAA,CLE,Reid Detmers,Parker Messick
2026-05-13,11.4,5.6,8.0,5.2,4.0,KCR,CHW,Seth Lugo,Noah Schultz
2026-05-13,10.8,6.9,5.5,4.3,,WSN,CIN,Jake Irvin,Nick Lodolo
2026-05-13,10.4,8.0,6.0,2.7,4.1,STL,ATH,Matthew Liberatore,J.T. Ginn
2026-05-13,10.1,1.5,3.3,,10.4,TBR,TOR,Griffin Jax,Dylan Cease
2026-05-13,10.0,9.9,2.9,3.2,3.8,NYY,BAL,Max Fried,Kyle Bradish
2026-05-13,9.1,4.8,6.6,6.2,0.7,PHI,BOS,Andrew Painter,Sonny Gray
2026-05-13,8.9,7.7,3.9,6.1,0.2,MIA,MIN,Max Meyer,Simeon Woods Richardson
2026-05-13,8.8,4.1,4.1,4.4,,DET,NYM,Framber Valdez,Christian Scott
2026-05-13,8.7,5.1,3.6,,3.6,SEA,HOU,Bryce Miller,Lance McCullers Jr.
2026-05-13,7.8,3.7,4.5,3.5,3.8,ARI,TEX,Ryne Nelson,Kumar Rocker
2026-05-13,5.4,3.2,6.8,-3.0,3.9,COL,PIT,Jose Quintana,Mitch Keller
2026-05-14,16.4,9.0,8.9,7.5,7.3,CHC,ATL,Ben Brown,Chris Sale
2026-05-14,14.7,8.9,6.2,,9.2,SDP,MIL,Griffin Canning,Kyle Harrison
2026-05-14,14.5,4.8,6.8,12.2,5.1,PHI,BOS,Jesús Luzardo,Ranger Suarez
2026-05-14,14.0,1.5,10.4,6.9,9.2,SFG,LAD,Landen Roupp,Emmet Sheehan
2026-05-14,13.2,6.7,5.4,4.3,10.0,WSN,CIN,Foster Griffin,Chase Burns
2026-05-14,11.5,3.0,6.6,8.3,,COL,PIT,Chase Dollander,Mason Montgomery
2026-05-14,11.0,4.2,3.9,3.1,10.9,DET,NYM,Keider Montero,Nolan McLean
2026-05-14,11.0,7.6,4.3,,,MIA,MIN,TBD,Zebby Matthews
2026-05-14,10.5,5.5,4.0,4.8,6.8,SEA,HOU,Luis Castillo,Mike Burrows
2026-05-14,8.5,5.3,7.9,3.9,-0.2,KCR,CHW,Kris Bubic,Anthony Kay
2026-05-14,8.1,7.6,6.4,4.6,-2.3,STL,ATH,Michael McGreevy,Jacob Lopez
2026-05-15,14.8,9.4,4.2,11.5,4.6,NYY,NYM,Cam Schlittler,Clay Holmes
2026-05-15,14.6,8.9,8.0,7.3,5.1,CHC,CHW,Edward Cabrera,Sean Burke
2026-05-15,14.1,8.7,5.8,6.1,7.7,SDP,SEA,Randy Vásquez,Emerson Hancock
2026-05-15,13.3,4.9,6.8,5.3,9.6,PHI,PIT,Aaron Nola,Braxton Ashcraft
2026-05-15,12.5,7.2,8.8,3.9,,BOS,ATL,Connelly Early,Spencer Strider
2026-05-15,10.5,10.2,1.8,,3.9,LAD,LAA,Blake Snell,Jack Kochanowicz
2026-05-15,10.4,5.3,7.5,3.5,4.5,KCR,STL,Michael Wacha,Dustin May
2026-05-15,10.3,6.5,4.4,,4.5,MIL,MIN,TBD,Joe Ryan
2026-05-15,9.6,5.3,6.8,2.2,4.9,CIN,CLE,Andrew Abbott,Tanner Bibee
2026-05-15,9.4,4.1,4.0,8.4,2.2,TEX,HOU,Jack Leiter,Spencer Arrighetti
2026-05-15,8.3,2.9,3.7,,,TOR,DET,Trey Yesavage,Ty Madden
2026-05-15,7.4,7.7,1.2,4.1,1.7,MIA,TBR,Janson Junk,Jesse Scholtens
2026-05-15,7.1,1.0,6.9,4.6,1.6,SFG,ATH,Tyler Mahle,Aaron Civale
2026-05-15,6.3,3.9,3.3,0.5,5.1,ARI,COL,Merrill Kelly,Kyle Freeland
2026-05-15,6.2,2.9,6.3,3.8,-0.6,BAL,WSN,Shane Baz,Zack Littell
2026-05-16,15.9,7.4,8.3,10.6,5.6,BOS,ATL,Payton Tolle,Bryce Elder
2026-05-16,14.1,8.8,8.6,2.8,8.0,CHC,CHW,Jameson Taillon,Davis Martin
2026-05-16,13.4,8.7,5.8,4.8,7.5,SDP,SEA,Walker Buehler,Logan Gilbert
2026-05-16,12.1,5.1,6.9,9.4,2.9,PHI,PIT,Cristopher Sánchez,Bubba Chandler
2026-05-16,12.0,9.4,4.1,,5.5,NYY,NYM,Carlos Rodón,Huascar Brazobán
2026-05-16,12.0,10.5,1.2,3.2,9.1,LAD,LAA,Justin Wrobleski,José Soriano
2026-05-16,11.6,3.7,4.2,10.5,4.7,TEX,HOU,Jacob deGrom,Kai-Wei Teng
2026-05-16,10.2,6.5,3.9,,,MIL,MIN,Logan Henderson,Connor Prielipp
2026-05-16,10.1,4.8,7.3,5.2,3.0,KCR,STL,Noah Cameron,Kyle Leahy
2026-05-16,9.7,5.6,6.6,3.0,4.3,CIN,CLE,Chris Paddack,Joey Cantillo
2026-05-16,9.0,7.8,1.5,4.9,3.8,MIA,TBR,Sandy Alcantara,Nick Martinez
2026-05-16,8.8,2.7,3.8,,6.0,TOR,DET,Mason Fluharty,Casey Mize
2026-05-16,8.5,1.4,7.0,,3.5,SFG,ATH,Trevor McDonald,Luis Severino
2026-05-16,6.8,3.2,6.5,0.3,3.6,BAL,WSN,Chris Bassitt,Cade Cavalli
2026-05-16,4.2,4.1,2.9,1.2,0.3,ARI,COL,Eduardo Rodriguez,Tomoyuki Sugano
2026-05-17,14.2,4.9,6.8,6.1,10.7,PHI,PIT,Zack Wheeler,Paul Skenes
2026-05-17,13.5,8.4,6.3,,7.2,SDP,SEA,Lucas Giolito,George Kirby
2026-05-17,12.9,5.5,7.0,3.6,9.9,CIN,CLE,Brady Singer,Gavin Williams
2026-05-17,12.3,8.9,8.9,5.7,1.1,CHC,CHW,Colin Rea,Erick Fedde
2026-05-17,12.0,7.6,1.5,6.7,8.2,MIA,TBR,Eury Pérez,Drew Rasmussen
2026-05-17,12.0,9.4,4.5,,5.2,NYY,NYM,Elmer Rodríguez,Freddy Peralta
2026-05-17,11.3,7.0,8.1,4.8,2.7,BOS,ATL,Brayan Bello,Grant Holmes
2026-05-17,10.5,10.2,1.3,4.6,,LAD,LAA,Roki Sasaki,Grayson Rodriguez
2026-05-17,10.3,3.7,4.3,8.2,4.4,TEX,HOU,Nathan Eovaldi,Peter Lambert
2026-05-17,9.7,4.9,6.9,,2.6,KCR,STL,Stephen Kolek,Andre Pallante
2026-05-17,9.5,6.6,4.1,,3.4,MIL,MIN,Robert Gasser,Bailey Ober
2026-05-17,8.7,4.3,3.1,6.8,3.3,ARI,COL,Michael Soroka,Michael Lorenzen
2026-05-17,7.5,1.4,7.1,3.3,3.2,SFG,ATH,Adrian Houser,Jeffrey Springs
2026-05-17,7.3,3.1,6.9,1.3,3.3,BAL,WSN,Brandon Young,Miles Mikolas
2026-05-17,6.2,2.8,2.9,6.7,0.0,TOR,DET,Kevin Gausman,Jack Flaherty
2026-05-18,15.3,10.2,9.0,7.8,3.7,LAD,SDP,Yoshinobu Yamamoto,Michael King
2026-05-18,14.1,6.9,8.9,5.7,6.8,MIL,CHC,Brandon Sproat,Shota Imanaga
2026-05-18,11.8,8.4,7.6,1.0,6.6,ATL,MIA,JR Ritchie,Max Meyer
2026-05-18,11.7,2.6,9.4,2.1,9.2,TOR,NYY,Patrick Corbin,Ryan Weathers
2026-05-18,11.6,9.1,5.5,2.9,5.6,CHW,SEA,Noah Schultz,Bryan Woo
2026-05-18,11.1,5.3,5.0,,6.9,CIN,PHI,Nick Lodolo,Andrew Painter
2026-05-18,10.0,4.3,7.2,,3.4,NYM,WSN,Christian Scott,Jake Irvin
2026-05-18,9.9,7.2,5.4,2.2,5.0,BOS,KCR,Sonny Gray,Seth Lugo
2026-05-18,9.6,7.9,3.0,3.8,4.7,CLE,DET,Slade Cecconi,Framber Valdez
2026-05-18,9.1,4.0,4.2,,,HOU,MIN,Tatsuya Imai,Kendry Rojas
2026-05-18,8.8,3.6,1.8,5.1,7.1,BAL,TBR,Trevor Rogers,Shane McClanahan
2026-05-18,8.7,6.7,1.3,4.2,5.2,ATH,LAA,J.T. Ginn,Walbert Ureña
2026-05-18,5.0,1.3,3.8,2.6,2.5,SFG,ARI,Robbie Ray,Zac Gallen
2026-05-18,4.3,3.5,2.8,5.2,-2.9,TEX,COL,MacKenzie Gore,Jose Quintana
2026-05-19,18.6,7.0,8.9,13.4,8.0,MIL,CHC,Jacob Misiorowski,Ben Brown
2026-05-19,16.3,10.0,8.6,9.0,,LAD,SDP,Emmet Sheehan,Griffin Canning
2026-05-19,15.9,4.5,5.3,10.2,11.8,CIN,PHI,Chase Burns,Jesús Luzardo
2026-05-19,15.6,2.8,10.3,10.1,8.0,TOR,NYY,Dylan Cease,Will Warren
2026-05-19,13.2,4.8,7.0,10.1,4.4,NYM,WSN,Nolan McLean,Foster Griffin
2026-05-19,12.0,7.5,5.3,6.2,,BOS,KCR,Ranger Suarez,Bailey Falter
2026-05-19,11.9,7.7,7.3,3.9,,ATL,MIA,Martín Pérez,Braxton Garrett
2026-05-19,11.3,7.9,2.9,9.0,2.7,CLE,DET,Parker Messick,Keider Montero
2026-05-19,9.9,6.0,6.6,4.0,3.2,PIT,STL,Mitch Keller,Matthew Liberatore
2026-05-19,9.8,8.9,5.8,-0.1,,CHW,SEA,Anthony Kay,Bryce Miller
2026-05-19,9.1,1.6,4.5,7.7,4.4,SFG,ARI,Landen Roupp,Ryne Nelson
2026-05-19,8.5,3.8,4.3,3.8,,HOU,MIN,Lance McCullers Jr.,Zebby Matthews
2026-05-19,6.9,3.6,2.7,2.6,,TEX,COL,Kumar Rocker,Sammy Peralta
2026-05-19,6.3,3.5,2.2,3.9,3.1,BAL,TBR,Kyle Bradish,Griffin Jax
2026-05-19,5.6,6.4,1.0,-2.5,6.2,ATH,LAA,Jacob Lopez,Reid Detmers
2026-05-20,17.1,10.0,8.5,9.8,6.0,LAD,SDP,Shohei Ohtani,Randy Vásquez
2026-05-20,16.1,7.2,8.7,9.9,6.4,MIL,CHC,Kyle Harrison,Edward Cabrera
2026-05-20,14.7,2.6,10.2,,11.6,TOR,NYY,Trey Yesavage,Cam Schlittler
2026-05-20,13.8,8.8,5.5,5.3,8.0,CHW,SEA,Sean Burke,Emerson Hancock
2026-05-20,13.4,7.7,7.3,7.7,4.0,ATL,MIA,Chris Sale,Janson Junk
2026-05-20,11.2,5.8,6.4,5.7,4.5,PIT,STL,Carmen Mlodzinski,Michael McGreevy
2026-05-20,11.1,8.1,5.6,4.5,3.9,BOS,KCR,Connelly Early,Michael Wacha
2026-05-20,9.7,7.8,2.9,3.8,,CLE,DET,Tanner Bibee,TBD
2026-05-20,9.7,3.6,4.4,6.3,5.2,HOU,MIN,Mike Burrows,Joe Ryan
2026-05-20,9.3,4.2,2.1,7.9,4.3,TEX,COL,Jack Leiter,Kyle Freeland
2026-05-20,7.9,4.6,5.1,1.6,4.5,CIN,PHI,Andrew Abbott,Aaron Nola
2026-05-20,7.6,4.9,7.1,,-1.6,NYM,WSN,Zach Thornton,Zack Littell
2026-05-20,7.1,3.8,2.2,3.3,,BAL,TBR,Shane Baz,TBD
2026-05-20,6.3,6.1,1.0,1.5,3.9,ATH,LAA,Aaron Civale,Jack Kochanowicz
2026-05-20,6.0,1.5,4.5,4.3,1.7,SFG,ARI,Tyler Mahle,Merrill Kelly
2026-05-21,12.9,7.9,7.3,,5.6,ATL,MIA,Spencer Strider,Sandy Alcantara
2026-05-21,12.8,5.9,6.5,9.8,3.4,PIT,STL,Braxton Ashcraft,Dustin May
2026-05-21,11.8,3.0,9.8,5.9,,TOR,NYY,Braydon Fisher,Carlos Rodón
2026-05-21,11.7,4.7,7.6,6.4,4.7,NYM,WSN,David Peterson,Cade Cavalli
2026-05-21,10.3,7.8,2.8,3.8,6.3,CLE,DET,Joey Cantillo,Casey Mize
2026-05-21,9.8,6.3,0.9,4.0,8.5,ATH,LAA,Luis Severino,José Soriano
2026-05-21,6.9,2.0,4.3,,2.4,COL,ARI,Zach Agnos,Eduardo Rodriguez
2026-05-22,16.8,7.8,5.3,10.6,10.0,CLE,PHI,Gavin Williams,Cristopher Sánchez
2026-05-22,13.5,4.0,8.0,6.0,9.0,MIN,BOS,Connor Prielipp,Payton Tolle
2026-05-22,13.0,10.9,7.0,3.1,,LAD,MIL,Justin Wrobleski,Logan Henderson
2026-05-22,11.7,7.3,8.1,3.1,,WSN,ATL,Miles Mikolas,TBD
2026-05-22,11.7,8.6,1.5,8.3,,CHW,SFG,Davis Martin,Trevor McDonald
2026-05-22,11.7,5.7,5.0,7.2,5.4,SEA,KCR,Logan Gilbert,Noah Cameron
2026-05-22,11.7,4.8,7.1,4.9,6.5,NYM,MIA,Tobias Myers,Eury Pérez
2026-05-22,11.5,6.6,8.5,3.0,4.8,ATH,SDP,Jeffrey Springs,Walker Buehler
2026-05-22,10.5,2.7,9.4,3.8,,TBR,NYY,Nick Martinez,Gerrit Cole
2026-05-22,10.0,4.4,0.6,10.0,,TEX,LAA,Jacob deGrom,Grayson Rodriguez
2026-05-22,8.6,6.4,3.0,2.0,5.9,PIT,TOR,Bubba Chandler,Kevin Gausman
2026-05-22,8.6,6.2,5.0,2.6,3.4,STL,CIN,Kyle Leahy,Chris Paddack
2026-05-22,8.1,3.3,8.2,1.8,2.7,HOU,CHC,Spencer Arrighetti,Jameson Taillon
2026-05-22,6.5,1.7,4.5,-0.5,7.3,COL,ARI,Tomoyuki Sugano,Michael Soroka
2026-05-22,3.6,2.7,3.6,0.6,0.3,DET,BAL,Jack Flaherty,Chris Bassitt
2026-05-23,14.7,2.5,9.7,7.2,10.0,TBR,NYY,Drew Rasmussen,Ryan Weathers
2026-05-23,14.6,10.7,6.9,6.7,,LAD,MIL,Roki Sasaki,Robert Gasser
2026-05-23,12.5,6.5,8.8,4.7,,ATH,SDP,J.T. Ginn,Lucas Giolito
2026-05-23,11.6,7.6,5.0,3.5,7.2,CLE,PHI,Slade Cecconi,Zack Wheeler
2026-05-23,11.3,5.7,4.7,7.2,,SEA,KCR,George Kirby,Stephen Kolek
2026-05-23,11.2,4.7,7.3,4.0,6.5,NYM,MIA,Freddy Peralta,Max Meyer
2026-05-23,11.2,7.6,8.3,3.8,2.8,WSN,ATL,Jake Irvin,Grant Holmes
2026-05-23,10.9,6.4,3.4,10.4,1.6,PIT,TOR,Paul Skenes,Patrick Corbin
2026-05-23,10.7,3.2,8.4,4.5,5.2,HOU,CHC,Kai-Wei Teng,Colin Rea
2026-05-23,10.1,4.1,7.3,6.0,2.8,MIN,BOS,Taj Bradley,Jovani Morán
2026-05-23,9.5,6.3,5.3,2.4,,STL,CIN,Kyle Leahy,Chase Petty
2026-05-23,9.3,4.4,1.0,8.0,5.3,TEX,LAA,Nathan Eovaldi,Walbert Ureña
2026-05-23,9.1,6.3,5.3,3.3,3.3,STL,CIN,Andre Pallante,Chris Paddack
2026-05-23,8.3,8.2,1.4,4.6,2.2,CHW,SFG,Bryan Hudson,Adrian Houser
2026-05-23,6.2,2.1,4.6,3.0,2.8,COL,ARI,Michael Lorenzen,Zac Gallen
2026-05-23,5.4,2.5,4.1,3.6,0.7,DET,BAL,Framber Valdez,Brandon Young
2026-05-24,15.3,10.8,6.6,8.0,5.2,LAD,MIL,Yoshinobu Yamamoto,Brandon Sproat
2026-05-24,14.7,2.5,9.8,7.2,10.0,TBR,NYY,Drew Rasmussen,Ryan Weathers
2026-05-24,13.7,7.6,5.0,8.6,6.3,CLE,PHI,Parker Messick,Andrew Painter
2026-05-24,12.7,7.7,8.3,4.7,4.6,WSN,ATL,Foster Griffin,Martín Pérez
2026-05-24,12.3,6.3,9.0,,4.3,ATH,SDP,Luis Medina,Michael King
2026-05-24,11.9,6.2,3.5,3.8,10.3,PIT,TOR,Mitch Keller,Dylan Cease
2026-05-24,10.9,4.7,7.2,,,NYM,MIA,Christian Scott,Tyler Phillips
2026-05-24,10.8,3.3,8.1,4.3,5.9,HOU,CHC,Peter Lambert,Shota Imanaga
2026-05-24,10.3,5.5,4.6,5.9,4.5,SEA,KCR,Bryan Woo,Seth Lugo
2026-05-24,9.7,6.6,4.4,4.7,3.7,STL,CIN,Matthew Liberatore,Brady Singer
2026-05-24,8.5,4.6,0.7,5.1,6.6,TEX,LAA,MacKenzie Gore,Reid Detmers
2026-05-24,8.4,4.0,7.5,2.3,3.0,MIN,BOS,Bailey Ober,Sonny Gray
2026-05-24,8.3,2.7,4.3,,4.5,DET,BAL,TBD,Trevor Rogers
2026-05-24,7.2,7.9,1.9,2.7,1.9,CHW,SFG,Noah Schultz,Robbie Ray
2026-05-24,5.6,2.7,4.3,3.7,0.5,DET,BAL,Framber Valdez,Brandon Young
2026-05-24,3.9,2.0,4.8,-2.5,3.6,COL,ARI,Jose Quintana,Ryne Nelson
2026-05-25,15.7,6.8,6.5,4.7,13.5,STL,MIL,Matthew Liberatore,Jacob Misiorowski
2026-05-25,14.8,4.8,9.1,11.2,4.5,PHI,SDP,Jesús Luzardo,Randy Vásquez
2026-05-25,13.7,8.4,6.1,8.6,4.3,CHC,PIT,Ben Brown,Carmen Mlodzinski
2026-05-25,13.1,9.4,4.6,7.9,4.2,NYY,KCR,Will Warren,Michael Wacha
2026-05-25,12.7,1.8,10.7,,7.9,COL,LAD,Tanner Gordon,Emmet Sheehan
2026-05-25,11.9,4.8,4.3,,9.8,CIN,NYM,Nick Lodolo,Nolan McLean
2026-05-25,11.6,7.2,3.6,4.5,7.8,MIA,TOR,Janson Junk,Trey Yesavage
2026-05-25,8.8,5.6,6.4,4.6,1.0,SEA,ATH,Luis Castillo,Aaron Civale
2026-05-25,8.4,2.4,4.3,6.9,3.3,TBR,BAL,Shane McClanahan,Kyle Bradish
2026-05-25,8.4,7.9,7.1,-1.7,3.4,WSN,CLE,Zack Littell,Tanner Bibee
2026-05-25,8.4,5.2,2.2,1.8,7.6,ARI,SFG,Merrill Kelly,Landen Roupp
2026-05-25,8.1,3.4,4.8,,3.1,HOU,TEX,Tatsuya Imai,Kumar Rocker
2026-05-25,8.1,3.9,7.8,,-0.5,MIN,CHW,Zebby Matthews,Anthony Kay
2026-05-26,15.2,9.2,4.9,11.3,,NYY,KCR,Cam Schlittler,Bailey Falter
2026-05-26,14.7,8.0,6.4,,10.0,CHC,PIT,Jordan Wicks,Braxton Ashcraft
2026-05-26,13.9,6.6,6.5,4.0,10.6,STL,MIL,Michael McGreevy,Kyle Harrison
2026-05-26,13.9,8.2,7.8,6.0,5.7,ATL,BOS,Spencer Strider,Ranger Suarez
2026-05-26,12.5,4.8,4.3,11.0,,CIN,NYM,Chase Burns,TBD
2026-05-26,12.5,8.6,7.3,5.0,4.0,WSN,CLE,Cade Cavalli,Joey Cantillo
2026-05-26,12.4,5.8,6.2,7.5,5.4,SEA,ATH,Emerson Hancock,Luis Severino
2026-05-26,11.8,5.1,9.0,4.8,4.6,PHI,SDP,Aaron Nola,Randy Vásquez
2026-05-26,11.6,7.3,3.6,5.5,6.8,MIA,TOR,Sandy Alcantara,Braydon Fisher
2026-05-26,11.1,3.9,7.8,6.1,4.4,MIN,CHW,Joe Ryan,Sean Burke
2026-05-26,10.2,3.4,4.1,,7.8,HOU,TEX,Jason Alexander,Jack Leiter
2026-05-26,8.4,1.6,10.8,3.9,0.6,COL,LAD,Kyle Freeland,Eric Lauer
2026-05-26,7.4,5.2,2.2,2.5,4.9,ARI,SFG,Eduardo Rodriguez,Tyler Mahle
2026-05-26,6.9,2.4,4.1,4.2,3.1,TBR,BAL,Griffin Jax,Shane Baz
2026-05-26,4.3,0.8,2.3,3.9,1.6,LAA,DET,Jack Kochanowicz,Keider Montero
2026-05-27,15.1,8.7,7.2,3.3,10.9,WSN,CLE,Miles Mikolas,Gavin Williams
2026-05-27,14.3,5.5,8.7,9.9,4.4,PHI,SDP,Cristopher Sánchez,Walker Buehler
2026-05-27,13.0,8.1,7.8,5.8,4.3,ATL,BOS,Bryce Elder,Connelly Early
2026-05-27,12.7,9.6,4.9,,5.9,NYY,KCR,Gerrit Cole,Noah Cameron
2026-05-27,12.2,3.9,7.6,4.2,8.6,MIN,CHW,Connor Prielipp,Davis Martin
2026-05-27,12.0,7.2,4.0,6.6,6.3,MIA,TOR,Eury Pérez,Kevin Gausman
2026-05-27,11.4,5.1,2.3,6.4,9.0,ARI,SFG,Michael Soroka,Trevor McDonald
2026-05-27,11.3,3.6,3.6,5.3,10.2,HOU,TEX,Mike Burrows,Jacob deGrom
2026-05-27,11.1,6.5,6.6,4.1,,STL,MIL,Dustin May,TBD
2026-05-27,10.9,8.0,6.8,3.5,3.6,CHC,PIT,Jameson Taillon,Bubba Chandler
2026-05-27,10.6,5.1,6.5,6.9,2.8,SEA,ATH,Logan Gilbert,Jeffrey Springs
2026-05-27,10.5,1.6,10.9,-0.6,9.2,COL,LAD,Tomoyuki Sugano,Shohei Ohtani
2026-05-27,8.9,1.1,2.3,8.7,5.8,LAA,DET,José Soriano,Casey Mize
2026-05-27,8.1,4.9,4.3,1.2,5.7,CIN,NYM,Andrew Abbott,Huascar Brazobán
2026-05-27,8.1,2.4,4.0,4.7,,TBR,BAL,Steven Matz,TBD
2026-05-28,17.0,8.0,7.9,8.3,9.8,ATL,BOS,Chris Sale,Payton Tolle
2026-05-28,14.7,8.4,6.7,4.6,9.8,CHC,PIT,Colin Rea,Paul Skenes
2026-05-28,12.1,3.1,7.5,,8.7,MIN,CHW,Kendry Rojas,Davis Martin
2026-05-28,8.0,3.7,3.5,1.1,7.7,HOU,TEX,Spencer Arrighetti,Nathan Eovaldi
2026-05-28,6.3,4.0,4.4,2.9,1.4,TOR,BAL,Patrick Corbin,Chris Bassitt
2026-05-28,5.1,1.0,2.5,,1.7,LAA,DET,Grayson Rodriguez,Jack Flaherty
2026-05-29,13.6,8.9,8.3,,,SDP,WSN,Lucas Giolito,Paxton Schultz
2026-05-29,13.5,5.7,11.0,7.4,3.0,PHI,LAD,Zack Wheeler,Justin Wrobleski
2026-05-29,13.3,9.8,6.3,,5.4,NYY,ATH,Carlos Rodón,Luis Severino
2026-05-29,12.6,8.2,6.8,6.7,3.4,CHC,STL,Shota Imanaga,Andre Pallante
2026-05-29,11.8,7.6,7.2,,3.9,BOS,CLE,Tyler Samaniego,Slade Cecconi
2026-05-29,11.0,7.1,4.6,6.3,4.0,MIA,NYM,Max Meyer,Freddy Peralta
2026-05-29,10.5,3.0,6.5,6.5,,MIN,PIT,Taj Bradley,Jared Jones
2026-05-29,10.4,5.0,5.0,3.3,7.5,ARI,SEA,Zac Gallen,George Kirby
2026-05-29,10.2,8.5,4.8,3.8,3.3,ATL,CIN,Grant Holmes,Chris Paddack
2026-05-29,9.7,6.1,3.8,,4.6,MIL,HOU,Coleman Crow,Kai-Wei Teng
2026-05-29,8.7,4.4,3.9,3.9,5.3,KCR,TEX,Stephen Kolek,MacKenzie Gore
2026-05-29,8.7,4.1,4.5,,3.9,TOR,BAL,TBD,Trevor Rogers
2026-05-29,7.6,2.8,7.5,,-0.0,DET,CHW,Troy Melton,Erick Fedde
2026-05-29,6.7,2.3,1.0,6.8,3.2,SFG,COL,Logan Webb,Michael Lorenzen
2026-05-29,6.0,0.5,2.7,5.6,3.2,LAA,TBR,Walbert Ureña,Nick Martinez
2026-05-30,17.7,5.6,10.8,11.9,7.0,PHI,LAD,Jesús Luzardo,Roki Sasaki
2026-05-30,15.6,9.8,6.0,9.7,5.8,NYY,ATH,Ryan Weathers,J.T. Ginn
2026-05-30,15.5,8.3,7.5,9.8,5.5,CHC,STL,Ben Brown,Kyle Leahy
2026-05-30,15.0,9.3,8.1,6.1,6.6,SDP,WSN,Michael King,Foster Griffin
2026-05-30,15.0,7.2,7.3,4.9,10.5,BOS,CLE,Sonny Gray,Parker Messick
2026-05-30,12.7,8.5,5.0,6.1,5.7,ATL,CIN,Martín Pérez,Brady Singer
2026-05-30,10.9,0.2,2.9,10.1,8.7,LAA,TBR,Reid Detmers,Drew Rasmussen
2026-05-30,10.9,6.9,4.7,5.7,4.6,MIA,NYM,Tyler Phillips,Christian Scott
2026-05-30,10.7,6.1,3.9,6.2,5.2,MIL,HOU,Brandon Sproat,Peter Lambert
2026-05-30,10.5,5.0,5.5,3.5,7.0,ARI,SEA,Ryne Nelson,Bryan Woo
2026-05-30,10.3,3.7,4.6,9.5,2.7,TOR,BAL,Trey Yesavage,Brandon Young
2026-05-30,9.5,4.1,4.0,6.0,4.9,KCR,TEX,Seth Lugo,Kumar Rocker
2026-05-30,9.4,3.0,6.2,4.2,5.4,MIN,PIT,Bailey Ober,Mitch Keller
2026-05-30,8.5,2.4,7.9,5.2,1.5,DET,CHW,Framber Valdez,Anthony Kay
2026-05-30,6.7,1.8,1.6,4.8,5.3,SFG,COL,Adrian Houser,Ryan Feltner
2026-05-31,15.0,5.6,10.6,6.0,7.6,PHI,LAD,Andrew Painter,Yoshinobu Yamamoto
2026-05-31,13.4,8.6,7.1,,6.0,CHC,STL,Jordan Wicks,Matthew Liberatore
2026-05-31,13.0,5.9,4.1,14.5,1.6,MIL,HOU,Jacob Misiorowski,Tatsuya Imai
2026-05-31,12.6,6.5,4.8,3.9,9.9,MIA,NYM,Janson Junk,Nolan McLean
2026-05-31,12.3,2.9,6.7,,9.9,MIN,PIT,Zebby Matthews,Braxton Ashcraft
2026-05-31,11.9,7.6,7.1,5.0,4.0,BOS,CLE,Ranger Suarez,Tanner Bibee
2026-05-31,10.6,8.6,4.9,5.1,2.6,ATL,CIN,Spencer Strider,Nick Lodolo
2026-05-31,9.8,3.8,4.3,4.4,7.0,KCR,TEX,Michael Wacha,Jack Leiter
2026-05-31,9.8,3.7,4.6,8.9,2.4,TOR,BAL,Spencer Miles,Kyle Bradish
2026-05-31,9.7,9.1,8.0,3.6,-1.3,SDP,WSN,Griffin Canning,Zack Littell
2026-05-31,9.5,9.7,5.9,6.1,-2.8,NYY,ATH,Will Warren,Jacob Lopez
2026-05-31,8.6,2.4,8.1,2.1,4.6,DET,CHW,Keider Montero,Sean Burke
2026-05-31,8.2,4.9,5.6,0.9,,ARI,SEA,Merrill Kelly,Bryce Miller
2026-05-31,6.8,0.4,2.6,4.0,6.7,LAA,TBR,Jack Kochanowicz,Shane McClanahan
2026-05-31,5.4,1.8,1.9,1.0,6.2,SFG,COL,Robbie Ray,Tanner Gordon
2026-06-01,13.2,10.9,4.5,8.3,2.7,LAD,ARI,Emmet Sheehan,Eduardo Rodriguez
2026-06-01,12.7,4.3,7.1,10.0,4.0,TEX,STL,Jacob deGrom,Michael McGreevy
2026-06-01,12.7,6.4,8.2,5.1,5.5,MIA,WSN,Sandy Alcantara,Cade Cavalli
2026-06-01,12.5,4.2,5.1,4.9,10.8,KCR,CIN,Luinder Avila,Chase Burns
2026-06-01,12.0,2.9,5.7,7.9,7.6,SFG,MIL,Landen Roupp,Shane Drohan
2026-06-01,11.3,5.2,5.8,,6.7,NYM,SEA,Austin Warren,Emerson Hancock
2026-06-01,11.1,8.1,2.7,,6.4,CHW,MIN,TBD,Joe Ryan
2026-06-01,7.3,2.0,2.7,,4.8,DET,TBR,Ty Madden,Griffin Jax
2026-06-01,7.1,2.0,0.5,3.8,8.0,COL,LAA,Kyle Freeland,José Soriano
2026-06-02,15.2,6.9,9.0,3.1,11.4,CLE,NYY,Joey Cantillo,Cam Schlittler
2026-06-02,14.0,2.6,6.0,9.1,10.2,SFG,MIL,Trevor McDonald,Kyle Harrison
2026-06-02,12.5,8.5,2.7,8.7,5.1,CHW,MIN,Davis Martin,Connor Prielipp
2026-06-02,11.7,4.4,6.6,7.7,4.7,TEX,STL,Nathan Eovaldi,Dustin May
2026-06-02,11.6,8.7,5.2,3.9,5.3,SDP,PHI,Randy Vásquez,Aaron Nola
2026-06-02,11.5,5.9,8.9,,3.2,ATH,CHC,Gage Jump,Jameson Taillon
2026-06-02,11.3,6.9,7.9,,2.9,MIA,WSN,Lake Bachar,Miles Mikolas
2026-06-02,11.3,10.9,4.7,0.7,6.3,LAD,ARI,Eric Lauer,Michael Soroka
2026-06-02,11.2,3.4,7.8,5.9,5.4,TOR,ATL,Kevin Gausman,Bryce Elder
2026-06-02,11.2,5.4,5.7,,6.3,NYM,SEA,TBD,Logan Gilbert
2026-06-02,10.1,7.0,4.1,3.7,5.5,PIT,HOU,Bubba Chandler,Mike Burrows
2026-06-02,10.0,4.8,7.4,3.3,4.5,BAL,BOS,Shane Baz,Connelly Early
2026-06-02,8.5,4.2,5.3,6.1,1.3,KCR,CIN,Noah Cameron,Andrew Abbott
2026-06-02,5.9,2.5,2.7,2.7,4.1,DET,TBR,Jack Flaherty,Steven Matz
2026-06-02,3.2,1.8,0.2,-0.7,,COL,LAA,Tomoyuki Sugano,Grayson Rodriguez
2026-06-03,15.6,7.0,9.1,10.0,,CLE,NYY,Gavin Williams,Gerrit Cole
2026-06-03,14.1,8.5,5.0,4.5,10.2,SDP,PHI,Walker Buehler,Cristopher Sánchez
2026-06-03,13.7,10.8,4.7,8.7,3.2,LAD,ARI,Shohei Ohtani,Zac Gallen
2026-06-03,12.8,7.2,7.4,6.1,,MIA,WSN,Max Meyer,Andrew Alvarez
2026-06-03,12.5,4.1,5.3,4.6,10.9,KCR,CIN,Stephen Kolek,Chase Burns
2026-06-03,11.5,5.4,5.6,4.4,7.6,NYM,SEA,Freddy Peralta,George Kirby
2026-06-03,11.4,5.1,7.1,0.7,10.0,BAL,BOS,Chris Bassitt,Payton Tolle
2026-06-03,11.1,7.6,3.9,10.1,0.6,PIT,HOU,Paul Skenes,Spencer Arrighetti
2026-06-03,10.6,5.8,8.4,3.4,3.7,ATH,CHC,Jeffrey Springs,Colin Rea
2026-06-03,10.0,2.5,6.1,6.5,,SFG,MIL,Logan Webb,TBD
2026-06-03,9.6,4.3,7.1,4.4,3.5,TEX,STL,MacKenzie Gore,Andre Pallante
2026-06-03,8.9,3.3,7.6,3.0,4.0,TOR,ATL,Patrick Corbin,Grant Holmes
2026-06-03,8.7,8.5,2.8,-0.7,6.8,CHW,MIN,Erick Fedde,Taj Bradley
2026-06-03,7.1,3.0,2.5,,3.6,DET,TBR,Troy Melton,Nick Martinez
2026-06-03,5.5,2.0,0.3,3.0,5.7,COL,LAA,Michael Lorenzen,Walbert Ureña
2026-06-04,12.8,7.4,9.1,4.0,,CLE,NYY,Slade Cecconi,Carlos Rodón
2026-06-04,12.5,8.2,5.2,,6.6,SDP,PHI,Lucas Giolito,Zack Wheeler
2026-06-04,12.2,3.3,7.7,,8.4,TOR,ATL,TBD,Chris Sale
2026-06-04,12.0,5.7,8.4,3.8,6.0,ATH,CHC,J.T. Ginn,Shota Imanaga
2026-06-04,11.0,11.1,4.5,4.2,2.1,LAD,ARI,Justin Wrobleski,Ryne Nelson
2026-06-04,10.5,4.9,7.4,3.8,5.0,BAL,BOS,Trevor Rogers,Brayan Bello
2026-06-04,10.4,7.6,3.7,,4.5,PIT,HOU,Jared Jones,Kai-Wei Teng
2026-06-04,8.1,2.4,6.1,2.7,,SFG,MIL,Adrian Houser,Coleman Crow
2026-06-04,8.1,4.3,2.3,4.5,5.0,KCR,MIN,Seth Lugo,Andrew Morris
2026-06-05,14.1,7.3,8.9,3.3,8.6,BOS,NYY,Sonny Gray,Ryan Weathers
2026-06-05,12.8,8.8,5.2,0.5,11.1,CHW,PHI,Anthony Kay,Jesús Luzardo
2026-06-05,11.6,0.5,10.8,,7.0,LAA,LAD,TBD,Roki Sasaki
2026-06-05,11.4,7.4,7.8,3.9,3.6,PIT,ATL,Mitch Keller,Martín Pérez
2026-06-05,11.3,2.5,7.5,7.6,,TBR,MIA,Drew Rasmussen,Ryan Gusto
2026-06-05,11.1,7.4,4.4,8.2,2.3,CLE,TEX,Parker Messick,Kumar Rocker
2026-06-05,10.7,5.4,8.2,3.9,3.8,NYM,SDP,Christian Scott,Michael King
2026-06-05,9.5,4.1,2.2,4.1,8.6,KCR,MIN,Michael Wacha,Zebby Matthews
2026-06-05,9.5,5.5,7.1,2.9,3.5,CIN,STL,Brady Singer,Kyle Leahy
2026-06-05,9.3,5.7,2.9,6.6,3.3,SEA,DET,Bryan Woo,Framber Valdez
2026-06-05,8.7,5.7,4.2,,2.6,ATH,HOU,Jack Perkins,Peter Lambert
2026-06-05,8.6,2.3,8.3,0.9,5.6,SFG,CHC,Robbie Ray,Edward Cabrera
2026-06-05,8.2,6.9,4.6,4.4,0.6,WSN,ARI,Foster Griffin,Merrill Kelly
2026-06-05,8.1,6.3,2.0,4.9,3.0,MIL,COL,Brandon Sproat,Ryan Feltner
2026-06-05,8.1,4.9,3.4,1.8,6.1,BAL,TOR,Brandon Young,Trey Yesavage
2026-06-06,15.8,6.9,7.8,11.0,5.8,PIT,ATL,Braxton Ashcraft,Spencer Strider
2026-06-06,14.0,6.2,2.3,14.5,,MIL,COL,Jacob Misiorowski,TBD
2026-06-06,13.7,2.5,8.3,7.5,9.0,SFG,CHC,Landen Roupp,Ben Brown
2026-06-06,13.4,7.0,8.9,5.7,5.3,BOS,NYY,Ranger Suarez,Will Warren
2026-06-06,12.7,5.7,7.9,8.7,3.0,NYM,SDP,Nolan McLean,Griffin Canning
2026-06-06,12.7,8.7,5.8,,5.8,CHW,PHI,Brandon Eisert,Andrew Painter
2026-06-06,11.7,7.5,4.4,4.4,7.2,CLE,TEX,Tanner Bibee,Jack Leiter
2026-06-06,11.1,0.4,10.5,3.3,7.9,LAA,LAD,Jack Kochanowicz,Yoshinobu Yamamoto
2026-06-06,10.8,2.5,7.0,6.7,5.5,TBR,MIA,Shane McClanahan,Lake Bachar
2026-06-06,10.3,5.9,2.9,9.1,2.6,SEA,DET,Bryce Miller,Keider Montero
2026-06-06,9.4,5.2,7.4,0.6,5.6,CIN,STL,Nick Lodolo,Matthew Liberatore
2026-06-06,8.5,5.7,4.0,,2.2,ATH,HOU,Kade Morris,Tatsuya Imai
2026-06-06,8.4,4.5,2.2,3.4,6.7,KCR,MIN,Luinder Avila,Joe Ryan
2026-06-06,7.8,5.1,3.4,2.2,,BAL,TOR,Kyle Bradish,TBD
2026-06-06,6.8,7.5,4.3,-0.8,2.6,WSN,ARI,Zack Littell,Eduardo Rodriguez
2026-06-07,16.1,7.0,8.8,5.7,10.8,BOS,NYY,Ranger Suarez,Cam Schlittler
2026-06-07,16.0,6.9,8.2,11.4,5.6,PIT,ATL,Mason Montgomery,Bryce Elder
2026-06-07,12.8,0.3,10.1,7.4,7.7,LAA,LAD,José Soriano,Emmet Sheehan
2026-06-07,12.7,8.6,5.9,,6.0,CHW,PHI,Tyler Gilbert,Aaron Nola
2026-06-07,12.6,7.6,4.2,3.0,10.4,CLE,TEX,Joey Cantillo,Jacob deGrom
2026-06-07,11.7,7.5,4.0,5.6,6.3,WSN,ARI,Cade Cavalli,Michael Soroka
2026-06-07,11.6,5.5,7.9,6.3,3.6,NYM,SDP,Huascar Brazobán,Randy Vásquez
2026-06-07,11.5,2.4,8.4,8.6,3.6,SFG,CHC,Trevor McDonald,Jameson Taillon
2026-06-07,10.4,2.3,7.2,5.9,5.4,TBR,MIA,Griffin Jax,Sandy Alcantara
2026-06-07,10.2,6.7,2.0,7.9,3.9,MIL,COL,Shane Drohan,Kyle Freeland
2026-06-07,9.9,5.3,7.8,2.9,3.8,CIN,STL,Rhett Lowder,Michael McGreevy
2026-06-07,9.8,5.7,4.1,,4.8,ATH,HOU,Gage Jump,Mike Burrows
2026-06-07,9.7,4.4,2.3,6.6,6.0,KCR,MIN,Noah Cameron,Connor Prielipp
2026-06-07,8.8,5.1,3.5,3.1,6.0,BAL,TOR,Shane Baz,Kevin Gausman
2026-06-07,8.2,5.9,2.9,4.8,2.8,SEA,DET,Luis Castillo,Jack Flaherty
2026-06-08,16.3,9.2,7.6,5.4,10.3,NYY,CLE,Will Warren,Gavin Williams
2026-06-08,13.7,7.0,5.9,11.2,3.2,MIL,ATH,Kyle Harrison,Jeffrey Springs
2026-06-08,11.6,6.1,5.1,7.0,,SEA,BAL,Emerson Hancock,Trey Gibson
2026-06-08,11.3,6.3,3.2,10.7,2.4,PHI,TOR,Cristopher Sánchez,Patrick Corbin
2026-06-08,9.8,6.6,2.0,4.9,6.0,BOS,TBR,Connelly Early,Ian Seymour
2026-06-08,9.5,5.2,7.7,1.3,4.8,CIN,SDP,Andrew Abbott,Walker Buehler
2026-06-08,9.3,7.1,2.2,2.7,6.7,WSN,SFG,Miles Mikolas,Logan Webb
2026-06-08,4.9,3.9,0.4,0.5,,HOU,LAA,Spencer Arrighetti,Grayson Rodriguez
2026-06-09,14.7,5.2,8.2,11.0,,CIN,SDP,Chase Burns,Lucas Giolito
2026-06-09,14.1,10.3,7.1,0.3,10.5,LAD,PIT,Eric Lauer,Paul Skenes
2026-06-09,13.7,6.3,3.3,6.8,11.0,PHI,TOR,Zack Wheeler,Dylan Cease
2026-06-09,12.8,8.8,7.7,,4.1,NYY,CLE,Gerrit Cole,Slade Cecconi
2026-06-09,12.1,7.9,5.9,5.7,4.7,STL,NYM,Dustin May,Freddy Peralta
2026-06-09,11.0,7.1,5.8,,4.1,MIL,ATH,Robert Gasser,J.T. Ginn
2026-06-09,10.9,4.7,3.9,8.2,5.0,TEX,KCR,Nathan Eovaldi,Stephen Kolek
2026-06-09,10.8,5.5,5.2,6.8,4.1,SEA,BAL,Logan Gilbert,Trevor Rogers
2026-06-09,10.7,7.3,2.3,9.6,2.3,WSN,SFG,Andrew Alvarez,Adrian Houser
2026-06-09,10.7,6.3,2.3,9.8,3.1,BOS,TBR,Payton Tolle,Nick Martinez
2026-06-09,10.3,4.5,7.2,2.8,6.1,ARI,MIA,Zac Gallen,Max Meyer
2026-06-09,9.8,7.9,8.5,3.6,-0.4,ATL,CHW,Grant Holmes,Erick Fedde
2026-06-09,8.1,2.5,2.8,6.5,4.4,MIN,DET,Taj Bradley,Troy Melton
2026-06-09,7.1,3.5,0.4,4.1,6.1,HOU,LAA,Kai-Wei Teng,Walbert Ureña
2026-06-09,6.7,8.7,1.9,3.6,-0.7,CHC,COL,Colin Rea,Tomoyuki Sugano
2026-06-10,15.5,10.3,6.6,9.1,,LAD,PIT,Shohei Ohtani,Jared Jones
2026-06-10,14.7,7.5,8.5,8.3,,ATL,CHW,Chris Sale,TBD
2026-06-10,13.7,8.9,7.6,2.8,8.0,NYY,CLE,Carlos Rodón,Parker Messick
2026-06-10,13.6,7.1,6.5,4.8,8.8,MIL,ATH,Brandon Sproat,Jack Perkins
2026-06-10,12.5,6.2,3.5,10.3,,PHI,TOR,Jesús Luzardo,Max Scherzer
2026-06-10,10.7,5.4,5.2,8.4,2.5,SEA,BAL,George Kirby,Brandon Young
2026-06-10,10.7,5.9,2.5,,8.0,BOS,TBR,Jake Bennett,Drew Rasmussen
2026-06-10,10.4,7.8,5.5,3.4,4.0,STL,NYM,Andre Pallante,Austin Warren
2026-06-10,10.4,5.5,8.3,3.1,3.8,CIN,SDP,Brady Singer,Michael King
2026-06-10,10.2,8.4,2.4,6.5,3.1,CHC,COL,Shota Imanaga,Michael Lorenzen
2026-06-10,9.4,4.4,7.0,2.4,,ARI,MIA,Ryne Nelson,Ryan Gusto
2026-06-10,9.0,4.6,4.2,4.9,4.3,TEX,KCR,MacKenzie Gore,Seth Lugo
2026-06-10,7.9,7.6,2.5,4.8,0.8,WSN,SFG,Foster Griffin,Robbie Ray
2026-06-10,6.7,3.2,0.5,2.2,7.6,HOU,LAA,Peter Lambert,Reid Detmers
2026-06-10,6.7,2.2,3.1,,3.1,MIN,DET,TBD,Framber Valdez
2026-06-11,12.6,9.9,6.5,4.8,4.0,LAD,PIT,Justin Wrobleski,Mitch Keller
2026-06-11,12.5,7.4,8.6,4.0,,ATL,CHW,Martín Pérez,TBD
2026-06-11,11.1,8.0,5.3,,4.0,STL,NYM,Hunter Dobbins,Christian Scott
2026-06-11,10.1,8.3,2.3,6.8,2.8,CHC,COL,Edward Cabrera,Ryan Feltner
2026-06-11,10.0,5.0,5.4,7.3,2.2,SEA,BAL,Bryan Woo,Kyle Bradish
2026-06-11,8.4,4.2,7.1,1.1,4.3,ARI,MIA,Merrill Kelly,Tyler Phillips
2026-06-11,7.9,5.0,4.2,2.5,4.2,TEX,KCR,Kumar Rocker,Michael Wacha
2026-06-11,6.4,2.5,2.7,5.6,2.1,MIN,DET,Zebby Matthews,Keider Montero
2026-06-12,16.4,6.1,6.8,5.9,14.0,PHI,MIL,Andrew Painter,Jacob Misiorowski
2026-06-12,15.2,7.3,6.5,5.5,11.0,MIA,PIT,Sandy Alcantara,Braxton Ashcraft
2026-06-12,13.6,10.0,8.6,8.1,0.5,LAD,CHW,Roki Sasaki,Anthony Kay
2026-06-12,13.0,7.4,5.5,4.7,8.4,ATL,NYM,Spencer Strider,Nolan McLean
2026-06-12,12.9,8.7,3.4,8.6,,NYY,TOR,Ryan Weathers,TBD
2026-06-12,10.9,5.2,7.6,9.1,-0.0,SEA,WSN,Bryce Miller,Zack Littell
2026-06-12,10.6,8.5,5.4,3.9,3.4,SDP,BAL,Griffin Canning,Shane Baz
2026-06-12,10.5,8.6,2.7,2.2,7.4,CHC,SFG,Javier Assad,Landen Roupp
2026-06-12,10.2,5.0,5.6,6.5,3.3,TEX,BOS,Jack Leiter,Sonny Gray
2026-06-12,9.7,8.1,2.0,3.1,6.1,STL,MIN,Kyle Leahy,Joe Ryan
2026-06-12,9.7,2.7,6.7,,,COL,ATH,TBD,Gage Jump
2026-06-12,9.0,3.5,7.3,3.6,3.6,DET,CLE,Jack Flaherty,Tanner Bibee
2026-06-12,7.3,2.4,0.5,6.6,,TBR,LAA,Shane McClanahan,Sam Aldegheri
2026-06-12,7.0,3.9,5.3,3.0,1.8,ARI,CIN,Eduardo Rodriguez,Nick Lodolo
2026-06-12,7.0,3.2,4.1,2.8,3.8,HOU,KCR,Tatsuya Imai,Luinder Avila
2026-06-13,15.6,9.9,8.6,8.1,4.6,LAD,CHW,Yoshinobu Yamamoto,Sean Burke
2026-06-13,14.5,9.0,3.6,10.2,6.2,NYY,TOR,Cam Schlittler,Kevin Gausman
2026-06-13,14.2,8.6,2.6,8.7,8.6,CHC,SFG,Ben Brown,Trevor McDonald
2026-06-13,12.8,5.7,7.2,5.4,7.3,PHI,MIL,Aaron Nola,Shane Drohan
2026-06-13,12.7,4.3,5.9,9.7,5.6,TEX,BOS,Jacob deGrom,Ranger Suarez
2026-06-13,12.5,3.5,7.4,11.1,3.1,DET,CLE,Tarik Skubal,Joey Cantillo
2026-06-13,12.1,7.5,6.4,6.0,4.3,MIA,PIT,Lake Bachar,Bubba Chandler
2026-06-13,11.5,5.0,7.4,5.2,5.4,SEA,WSN,Luis Castillo,Cade Cavalli
2026-06-13,11.2,7.5,5.9,4.0,,ATL,NYM,Martín Pérez,TBD
2026-06-13,11.0,8.4,5.3,3.5,,SDP,BAL,Randy Vásquez,Trey Gibson
2026-06-13,11.0,7.9,2.1,5.3,6.7,STL,MIN,Matthew Liberatore,Connor Prielipp
2026-06-13,9.1,3.0,3.7,4.6,6.9,HOU,KCR,Mike Burrows,Noah Cameron
2026-06-13,9.1,2.5,6.8,3.8,,COL,ATH,Kyle Freeland,Joey Estes
2026-06-13,8.8,4.2,5.5,6.1,1.9,ARI,CIN,Michael Soroka,Rhett Lowder
2026-06-13,7.9,2.4,0.8,5.5,7.2,TBR,LAA,Griffin Jax,José Soriano
2026-06-14,17.3,5.8,7.2,10.8,10.7,PHI,MIL,Cristopher Sánchez,Kyle Harrison
2026-06-14,14.9,7.2,6.4,6.0,10.1,MIA,PIT,Max Meyer,Paul Skenes
2026-06-14,13.9,3.6,7.6,6.4,10.1,DET,CLE,Casey Mize,Gavin Williams
2026-06-14,13.0,10.1,8.0,7.6,0.3,LAD,CHW,Emmet Sheehan,Erick Fedde
2026-06-14,11.9,9.1,2.5,,7.1,CHC,SFG,Ryan Rolison,Logan Webb
2026-06-14,11.8,7.5,5.7,5.5,4.9,ATL,NYM,Bryce Elder,Freddy Peralta
2026-06-14,11.2,8.8,4.9,4.6,4.1,SDP,BAL,Walker Buehler,Trevor Rogers
2026-06-14,10.9,4.4,5.6,7.3,4.7,TEX,BOS,Nathan Eovaldi,Connelly Early
2026-06-14,10.1,8.3,2.1,4.1,5.7,STL,MIN,Michael McGreevy,Taj Bradley
2026-06-14,9.9,8.7,3.6,5.3,2.1,NYY,TOR,Will Warren,Patrick Corbin
2026-06-14,8.1,5.2,7.4,6.5,-2.9,SEA,WSN,Emerson Hancock,PJ Poulin
2026-06-14,7.2,4.2,5.1,3.2,1.8,ARI,CIN,Zac Gallen,Andrew Abbott
2026-06-14,6.7,2.2,1.2,,5.0,TBR,LAA,Casey Legumina,Grayson Rodriguez
2026-06-14,6.3,3.2,3.6,1.0,4.9,HOU,KCR,Spencer Arrighetti,Stephen Kolek
2026-06-14,5.7,2.0,6.9,-0.6,3.0,COL,ATH,Tomoyuki Sugano,Jeffrey Springs
2026-06-15,14.1,8.7,8.6,,5.9,SDP,STL,TBD,Dustin May
2026-06-15,13.2,5.7,4.9,4.9,11.0,NYM,CIN,Tobias Myers,Chase Burns
2026-06-15,12.3,7.1,5.4,,7.0,MIA,PHI,Ryan Gusto,Zack Wheeler
2026-06-15,11.9,3.3,8.0,,7.5,KCR,WSN,Mitch Spence,Andrew Alvarez
2026-06-15,11.2,6.4,6.8,,4.2,PIT,ATH,Jared Jones,J.T. Ginn
2026-06-15,10.7,2.2,8.9,3.6,6.6,COL,CHC,Michael Lorenzen,Shota Imanaga
2026-06-15,8.3,2.5,10.4,3.0,0.7,TBR,LAD,Nick Martinez,Eric Lauer
2026-06-15,8.1,1.9,4.5,,4.7,MIN,TEX,TBD,MacKenzie Gore
2026-06-15,7.7,3.6,3.1,5.0,3.8,DET,HOU,Troy Melton,Kai-Wei Teng
2026-06-15,6.6,0.8,4.4,5.8,2.3,LAA,ARI,Walbert Ureña,Ryne Nelson
2026-06-16,14.9,3.5,5.6,11.7,8.9,TOR,BOS,Dylan Cease,Payton Tolle
2026-06-16,14.8,8.3,9.2,8.0,4.1,CHW,NYY,Davis Martin,Gerrit Cole
2026-06-16,13.6,6.9,5.7,4.4,10.2,MIA,PHI,Tyler Phillips,Jesús Luzardo
2026-06-16,13.0,2.4,10.4,8.8,4.4,TBR,LAD,Drew Rasmussen,Justin Wrobleski
2026-06-16,12.4,7.7,7.4,4.7,,CLE,MIL,Slade Cecconi,Robert Gasser
2026-06-16,12.2,6.5,6.4,3.5,8.0,PIT,ATH,Mitch Keller,Jack Perkins
2026-06-16,12.0,8.5,8.4,3.5,3.6,SDP,STL,Michael King,Andre Pallante
2026-06-16,10.3,2.0,9.2,2.2,7.1,COL,CHC,Ryan Feltner,Edward Cabrera
2026-06-16,10.0,2.8,7.9,4.1,5.2,KCR,WSN,Michael Wacha,Foster Griffin
2026-06-16,9.5,5.0,4.5,3.2,6.2,BAL,SEA,Brandon Young,Logan Gilbert
2026-06-16,8.1,2.6,7.4,2.9,3.4,SFG,ATL,Adrian Houser,Grant Holmes
2026-06-16,8.0,5.5,5.0,2.1,3.3,NYM,CIN,Kodai Senga,Brady Singer
2026-06-16,7.6,4.1,3.2,2.8,,DET,HOU,Framber Valdez,Hunter Brown
2026-06-16,7.5,2.1,4.6,5.7,2.7,MIN,TEX,Zebby Matthews,Kumar Rocker
2026-06-16,6.7,1.0,4.3,7.7,0.3,LAA,ARI,Reid Detmers,Merrill Kelly
2026-06-17,15.0,8.6,8.5,9.3,3.6,SDP,STL,Bradgley Rodriguez,Kyle Leahy
2026-06-17,15.0,7.4,7.3,10.2,5.1,CLE,MIL,Gavin Williams,Brandon Sproat
2026-06-17,14.2,2.1,10.3,7.3,8.7,TBR,LAD,Shane McClanahan,Shohei Ohtani
2026-06-17,12.0,6.6,6.2,10.5,0.8,PIT,ATH,Braxton Ashcraft,Aaron Civale
2026-06-17,12.0,6.8,5.8,5.7,5.8,MIA,PHI,Sandy Alcantara,Andrew Painter
2026-06-17,10.9,8.3,9.3,1.3,2.9,CHW,NYY,Anthony Kay,Carlos Rodón
2026-06-17,10.2,4.8,4.5,2.6,8.6,BAL,SEA,Kyle Bradish,George Kirby
2026-06-17,10.1,5.7,4.9,8.3,1.3,NYM,CIN,Nolan McLean,Nick Lodolo
2026-06-17,9.2,1.5,9.2,,2.7,COL,CHC,Sean Sullivan,Javier Assad
2026-06-17,8.9,2.8,7.3,,2.6,SFG,ATL,TBD,JR Ritchie
2026-06-17,8.1,3.9,3.1,6.4,2.7,DET,HOU,Casey Mize,Peter Lambert
2026-06-17,8.0,2.8,7.3,2.8,3.1,SFG,ATL,Adrian Houser,Grant Holmes
2026-06-17,7.2,3.1,8.1,3.6,-0.3,KCR,WSN,Luinder Avila,Zack Littell
2026-06-17,6.5,3.6,5.9,-1.5,,TOR,BOS,Max Scherzer,Jake Bennett
2026-06-17,6.5,1.5,4.3,,2.2,LAA,ARI,Sam Aldegheri,Eduardo Rodriguez
2026-06-18,15.4,7.1,7.7,7.8,8.3,CLE,MIL,Parker Messick,Shane Drohan
2026-06-18,15.2,8.4,9.6,4.2,8.2,CHW,NYY,Sean Burke,Ryan Weathers
2026-06-18,12.1,8.1,3.5,5.6,6.9,STL,KCR,Matthew Liberatore,Noah Cameron
2026-06-18,11.2,5.8,5.6,5.9,5.0,NYM,PHI,Sean Manaea,Aaron Nola
2026-06-18,10.8,2.9,7.0,7.4,4.3,SFG,ATL,Landen Roupp,Martín Pérez
2026-06-18,9.8,4.5,4.5,3.0,7.6,BAL,SEA,Shane Baz,Bryan Woo
2026-06-18,9.8,2.6,4.3,6.6,6.0,MIN,TEX,Joe Ryan,Jack Leiter
2026-06-18,9.7,1.5,5.7,,7.1,LAA,ATH,TBD,Gage Jump
2026-06-18,9.5,4.0,6.2,4.8,3.9,TOR,BOS,Trey Yesavage,Sonny Gray
2026-06-19,16.7,7.4,7.0,14.7,4.3,MIL,ATL,Jacob Misiorowski,Martín Pérez
2026-06-19,13.7,4.0,9.3,6.0,8.0,TOR,CHC,Kevin Gausman,Ben Brown
2026-06-19,13.4,8.8,4.7,3.6,9.7,SDP,TEX,Randy Vásquez,Jacob deGrom
2026-06-19,13.2,4.6,9.4,2.3,10.1,CIN,NYY,Rhett Lowder,Cam Schlittler
2026-06-19,12.8,4.5,10.4,2.1,8.6,BAL,LAD,Trey Gibson,Roki Sasaki
2026-06-19,12.7,6.1,4.3,5.9,9.2,BOS,SEA,Ranger Suarez,Bryce Miller
2026-06-19,11.8,3.1,7.0,7.4,6.0,SFG,MIA,Landen Roupp,Lake Bachar
2026-06-19,11.6,8.2,3.7,0.6,10.6,CHW,DET,Erick Fedde,Tarik Skubal
2026-06-19,10.9,8.2,1.6,5.7,6.3,WSN,TBR,Cade Cavalli,Griffin Jax
2026-06-19,10.1,8.1,3.9,3.8,4.3,STL,KCR,Michael McGreevy,Seth Lugo
2026-06-19,9.7,2.7,4.2,6.2,6.3,MIN,ARI,Connor Prielipp,Michael Soroka
2026-06-19,9.0,1.1,5.7,7.5,3.7,LAA,ATH,José Soriano,Jeffrey Springs
2026-06-19,8.9,7.2,3.5,4.0,3.0,CLE,HOU,Tanner Bibee,Tatsuya Imai
2026-06-19,8.6,6.5,1.8,4.9,4.0,PIT,COL,Bubba Chandler,Kyle Freeland
2026-06-20,16.4,7.2,7.1,10.2,8.3,MIL,ATL,Kyle Harrison,Chris Sale
2026-06-20,13.6,4.1,10.5,4.4,8.3,BAL,LAD,Trevor Rogers,Yoshinobu Yamamoto
2026-06-20,13.2,9.0,4.8,5.1,7.4,SDP,TEX,Walker Buehler,Nathan Eovaldi
2026-06-20,13.1,6.2,5.1,4.6,10.3,NYM,PHI,Freddy Peralta,Cristopher Sánchez
2026-06-20,12.2,3.4,7.4,7.6,6.0,SFG,MIA,Trevor McDonald,Max Meyer
2026-06-20,11.0,8.2,3.8,,5.0,CHW,DET,Sean Newcomb,Troy Melton
2026-06-20,10.4,4.3,9.8,1.8,4.8,CIN,NYY,Andrew Abbott,Will Warren
2026-06-20,10.2,8.0,1.8,5.7,4.9,WSN,TBR,Cade Cavalli,Ian Seymour
2026-06-20,10.1,5.7,3.8,4.2,6.4,BOS,SEA,Connelly Early,Emerson Hancock
2026-06-20,9.4,4.0,9.6,2.4,2.9,TOR,CHC,Patrick Corbin,Colin Rea
2026-06-20,9.0,6.3,1.9,10.7,-0.9,PIT,COL,Paul Skenes,Tomoyuki Sugano
2026-06-20,8.2,2.9,4.3,6.1,3.1,MIN,ARI,Taj Bradley,Zac Gallen
2026-06-20,8.1,0.7,6.1,5.6,3.9,LAA,ATH,Walbert Ureña,J.T. Ginn
2026-06-20,8.0,7.1,3.7,3.5,1.7,CLE,HOU,Joey Cantillo,Spencer Arrighetti
2026-06-21,15.2,3.4,9.6,11.0,6.3,TOR,CHC,Dylan Cease,Shota Imanaga
2026-06-21,14.9,4.3,9.7,10.9,,CIN,NYY,Chase Burns,Elmer Rodríguez
2026-06-21,12.4,4.1,10.4,2.5,7.7,BAL,LAD,Brandon Young,Emmet Sheehan
2026-06-21,12.2,5.7,3.7,8.8,6.3,BOS,SEA,Payton Tolle,Logan Gilbert
2026-06-21,12.2,9.1,4.8,3.1,7.4,SDP,TEX,Wandy Peralta,Nathan Eovaldi
2026-06-21,11.7,5.9,5.4,4.9,7.2,NYM,PHI,David Peterson,Zack Wheeler
2026-06-21,11.3,3.5,7.7,6.4,,SFG,MIA,Logan Webb,Ryan Gusto
2026-06-21,11.3,7.7,3.7,6.0,5.1,STL,KCR,Dustin May,Stephen Kolek
2026-06-21,11.2,1.1,5.9,7.1,8.4,LAA,ATH,Reid Detmers,Jack Perkins
2026-06-21,11.0,8.1,3.9,7.5,2.5,CHW,DET,Davis Martin,Keider Montero
2026-06-21,10.8,8.2,2.2,7.8,3.5,WSN,TBR,Andrew Alvarez,Nick Martinez
2026-06-21,10.7,7.0,7.1,1.9,5.2,MIL,ATL,Robert Gasser,Bryce Elder
2026-06-21,9.6,6.9,3.5,4.5,4.3,CLE,HOU,Slade Cecconi,Kai-Wei Teng
2026-06-21,8.7,3.4,4.1,,,MIN,ARI,Mike Paredes,Jose Cabrera
2026-06-21,8.4,6.4,1.9,,3.5,PIT,COL,Jared Jones,Michael Lorenzen
2026-06-22,13.0,6.9,8.0,10.2,1.0,CLE,CHW,Gavin Williams,Anthony Kay
2026-06-22,12.0,5.6,8.1,,5.3,PHI,WSN,TBD,Foster Griffin
2026-06-22,11.6,9.5,5.7,6.5,1.4,CHC,NYM,Shota Imanaga,Kodai Senga
2026-06-22,11.5,3.8,3.3,,11.0,HOU,TOR,Hunter Brown,Dylan Cease
2026-06-22,11.1,7.2,8.9,3.0,3.1,ATL,SDP,Grant Holmes,Michael King
2026-06-22,10.7,9.9,4.3,4.5,2.8,NYY,DET,Gerrit Cole,Framber Valdez
2026-06-22,9.9,4.1,2.5,4.2,9.0,KCR,TBR,Michael Wacha,Drew Rasmussen
2026-06-22,9.8,10.2,2.9,0.5,6.0,LAD,MIN,Eric Lauer,Zebby Matthews
2026-06-22,9.5,4.9,7.4,2.8,4.0,TEX,MIA,Tyler Alexander,Tyler Phillips
2026-06-22,9.5,6.9,4.2,,2.8,MIL,CIN,TBD,Brady Singer
2026-06-22,8.5,4.1,7.9,0.9,4.1,ARI,STL,Merrill Kelly,Andre Pallante
2026-06-22,8.5,5.8,1.7,6.8,2.8,BOS,COL,Jake Bennett,Ryan Feltner
2026-06-22,3.5,4.2,1.1,3.0,-1.3,BAL,LAA,Kyle Bradish,Sam Aldegheri
2026-06-23,13.7,6.7,8.2,7.8,4.8,CLE,CHW,Parker Messick,Sean Burke
2026-06-23,12.0,9.8,4.4,3.8,5.9,NYY,DET,Carlos Rodón,Casey Mize
2026-06-23,11.9,10.6,3.1,5.1,,LAD,MIN,Justin Wrobleski,Kendry Rojas
2026-06-23,11.7,9.4,5.7,6.9,1.4,CHC,NYM,Edward Cabrera,Kodai Senga
2026-06-23,11.7,7.1,9.0,2.4,,ATL,SDP,JR Ritchie,TBD
2026-06-23,11.7,5.0,7.3,,6.1,TEX,MIA,Cal Quantrill,Sandy Alcantara
2026-06-23,11.7,5.6,8.2,10.2,-0.7,PHI,WSN,Jesús Luzardo,Zack Littell
2026-06-23,11.1,3.7,6.5,8.4,3.6,SEA,PIT,George Kirby,Mitch Keller
2026-06-23,9.3,4.2,7.8,2.3,4.3,ARI,STL,Eduardo Rodriguez,Kyle Leahy
2026-06-23,9.0,6.8,3.7,5.4,2.2,MIL,CIN,Brandon Sproat,Nick Lodolo
2026-06-23,8.4,3.9,2.3,3.9,6.7,KCR,TBR,Luinder Avila,Shane McClanahan
2026-06-23,8.2,5.8,1.9,3.7,,BOS,COL,Sonny Gray,Sean Sullivan
2026-06-23,7.3,3.6,3.7,2.4,,HOU,TOR,Peter Lambert,Shane Bieber
2026-06-23,6.9,4.3,1.1,3.4,,BAL,LAA,Shane Baz,Ryan Johnson
2026-06-23,5.3,5.5,3.4,0.4,1.3,ATH,SFG,Aaron Civale,Robbie Ray
2026-06-24,17.1,10.0,4.6,8.4,11.2,NYY,DET,Ryan Weathers,Tarik Skubal
2026-06-24,15.1,5.1,7.6,10.0,7.4,TEX,MIA,Jacob deGrom,Eury Pérez
2026-06-24,14.5,10.5,3.2,8.6,6.7,LAD,MIN,Shohei Ohtani,Joe Ryan
2026-06-24,14.1,3.8,6.4,7.6,10.4,SEA,PIT,Bryan Woo,Braxton Ashcraft
2026-06-24,13.0,9.3,5.4,,6.3,CHC,NYM,TBD,Sean Manaea
2026-06-24,12.8,6.9,9.1,4.6,,ATL,SDP,Martín Pérez,JP Sears
2026-06-24,12.6,9.3,5.4,2.2,8.4,CHC,NYM,Javier Assad,Nolan McLean
2026-06-24,11.3,4.1,7.7,,5.6,ARI,STL,Mitch Bratt,Matthew Liberatore
2026-06-24,11.2,5.9,8.3,5.2,3.0,PHI,WSN,Aaron Nola,Miles Mikolas
2026-06-24,9.8,5.0,3.5,6.7,4.4,ATH,SFG,Gage Jump,Tyler Mahle
2026-06-24,9.7,6.6,8.1,4.0,0.8,CLE,CHW,Tanner Bibee,Erick Fedde
2026-06-24,9.6,3.9,2.3,6.2,6.6,KCR,TBR,Noah Cameron,Griffin Jax
2026-06-24,9.6,6.9,3.3,6.9,2.0,MIL,CIN,Shane Drohan,Rhett Lowder
2026-06-24,9.0,6.0,2.0,5.6,4.4,BOS,COL,Ranger Suarez,Kyle Freeland
2026-06-24,8.9,3.8,3.9,4.7,5.3,HOU,TOR,Mike Burrows,Trey Yesavage
2026-06-24,7.9,4.0,1.2,3.4,7.1,BAL,LAA,Trey Gibson,José Soriano
2026-06-25,15.6,10.3,6.4,10.5,4.0,NYY,BOS,Cam Schlittler,Connelly Early
2026-06-25,15.3,9.3,5.7,10.6,5.1,CHC,NYM,Matthew Boyd,Freddy Peralta
2026-06-25,14.6,5.7,8.2,10.1,5.2,PHI,WSN,Cristopher Sánchez,Cade Cavalli
2026-06-25,12.2,3.8,6.4,9.7,4.5,SEA,PIT,Bryce Miller,Bubba Chandler
2026-06-25,9.9,5.1,3.6,5.2,5.9,TEX,TOR,MacKenzie Gore,Kevin Gausman
2026-06-25,9.6,4.9,3.5,3.3,7.5,ATH,SFG,Jeffrey Springs,Landen Roupp
2026-06-25,9.3,4.3,7.5,3.0,3.7,ARI,STL,Zac Gallen,Michael McGreevy
2026-06-25,8.7,3.7,4.7,4.6,4.4,HOU,DET,Tatsuya Imai,Troy Melton
2026-06-25,7.4,4.2,2.6,3.7,4.3,KCR,TBR,Seth Lugo,Casey Legumina
2026-06-26,17.2,10.8,9.1,9.0,5.6,LAD,SDP,Roki Sasaki,Walker Buehler
2026-06-26,16.4,8.8,6.8,2.5,14.7,CHC,MIL,Colin Rea,Jacob Misiorowski
2026-06-26,15.0,10.5,6.4,5.1,8.1,NYY,BOS,Will Warren,Payton Tolle
2026-06-26,12.6,7.9,4.2,9.2,3.9,WSN,BAL,Andrew Alvarez,Trevor Rogers
2026-06-26,12.5,7.7,7.5,6.1,3.7,MIA,STL,Max Meyer,Michael McGreevy
2026-06-26,11.9,6.0,5.7,7.1,,PHI,NYM,Zack Wheeler,TBD
2026-06-26,11.3,3.7,6.6,1.9,10.4,CIN,PIT,Andrew Abbott,Paul Skenes
2026-06-26,10.8,3.6,7.9,,,KCR,CHW,TBD,TBD
2026-06-26,9.8,3.8,6.1,5.4,4.2,SEA,CLE,Luis Castillo,Joey Cantillo
2026-06-26,9.4,5.5,3.4,7.9,2.0,TEX,TOR,Nathan Eovaldi,Patrick Corbin
2026-06-26,8.5,6.7,3.6,1.7,,ATL,SFG,Reynaldo López,TBD
2026-06-26,8.0,5.1,1.2,3.5,6.2,ATH,LAA,J.T. Ginn,Walbert Ureña
2026-06-26,6.6,4.3,2.8,2.9,3.2,ARI,TBR,Zac Gallen,Nick Martinez
2026-06-26,6.4,3.5,4.5,2.2,2.5,HOU,DET,Spencer Arrighetti,Keider Montero
2026-06-26,5.1,1.9,2.8,-0.4,5.8,COL,MIN,Tomoyuki Sugano,Taj Bradley
2026-06-27,15.8,8.9,7.3,5.0,10.4,CHC,MIL,David Peterson,Kyle Harrison
2026-06-27,15.8,11.0,9.1,8.4,3.1,LAD,SDP,Yoshinobu Yamamoto,Randy Vásquez
2026-06-27,15.1,3.7,6.8,10.8,8.9,CIN,PIT,Chase Burns,Jared Jones
2026-06-27,14.7,10.3,5.9,4.7,8.4,NYY,BOS,Gerrit Cole,Jake Bennett
2026-06-27,12.1,7.7,7.3,,4.1,MIA,STL,Ryan Gusto,Andre Pallante
2026-06-27,11.4,3.2,8.4,4.2,7.1,KCR,CHW,Michael Wacha,Davis Martin
2026-06-27,10.8,6.6,3.9,5.3,5.9,ATL,SFG,Bryce Elder,Logan Webb
2026-06-27,10.8,4.9,1.5,8.3,6.8,ATH,LAA,Jack Perkins,Reid Detmers
2026-06-27,10.3,6.0,5.1,,4.4,PHI,NYM,Alan Rangel,Christian Scott
2026-06-27,10.2,8.0,4.1,5.9,2.5,WSN,BAL,Foster Griffin,Brandon Young
2026-06-27,9.9,3.8,5.9,6.5,3.6,SEA,CLE,Logan Gilbert,Slade Cecconi
2026-06-27,9.2,5.6,3.2,-0.7,10.4,TEX,TOR,Cal Quantrill,Dylan Cease
2026-06-27,8.7,4.3,3.0,,5.1,ARI,TBR,Jose Cabrera,Cole Sulser
2026-06-27,7.7,3.4,4.7,4.1,3.2,HOU,DET,Kai-Wei Teng,Framber Valdez
2026-06-27,4.0,2.0,2.8,3.6,-0.3,COL,MIN,Michael Lorenzen,Mike Paredes
2026-06-28,15.2,11.1,9.0,7.1,3.3,LAD,SDP,Emmet Sheehan,Michael King
2026-06-28,13.3,3.9,5.7,6.6,10.4,SEA,CLE,Emerson Hancock,Gavin Williams
2026-06-28,13.3,5.7,5.0,10.8,,PHI,NYM,Jesús Luzardo,Cionel Pérez
2026-06-28,12.5,8.8,7.0,4.6,4.6,CHC,MIL,Ryan Rolison,Brandon Woodruff
2026-06-28,12.3,10.1,6.2,4.0,4.3,NYY,BOS,Carlos Rodón,Sonny Gray
2026-06-28,11.4,8.0,7.2,3.9,3.6,MIA,STL,Tyler Phillips,Kyle Leahy
2026-06-28,9.9,6.4,3.6,8.4,1.3,ATL,SFG,Chris Sale,Robbie Ray
2026-06-28,8.8,5.8,3.3,3.6,,TEX,TOR,Kumar Rocker,Shane Bieber
2026-06-28,8.6,4.3,3.3,0.7,8.8,ARI,TBR,Merrill Kelly,Drew Rasmussen
2026-06-28,8.3,3.6,6.7,2.9,3.4,CIN,PIT,Brady Singer,Mitch Keller
2026-06-28,8.2,3.4,4.9,,3.0,HOU,DET,Hunter Brown,Jack Flaherty
2026-06-28,8.0,3.4,8.3,2.9,1.4,KCR,CHW,Luinder Avila,Anthony Kay
2026-06-28,7.9,8.1,4.0,0.1,3.5,WSN,BAL,Zack Littell,Kyle Bradish
2026-06-28,6.6,2.7,2.5,2.5,5.6,COL,MIN,Ryan Feltner,Connor Prielipp
2026-06-28,3.5,4.8,1.7,0.7,-0.1,ATH,LAA,Aaron Civale,Sam Aldegheri
2026-06-29,14.5,9.1,8.7,,6.2,SDP,CHC,TBD,Shota Imanaga
2026-06-29,14.4,4.8,10.0,6.1,7.9,DET,NYY,Casey Mize,Ryan Weathers
2026-06-29,14.3,7.2,5.8,10.9,4.7,PIT,PHI,Braxton Ashcraft,Aaron Nola
2026-06-29,11.7,5.8,5.9,3.5,8.3,TEX,CLE,Tyler Alexander,Parker Messick
2026-06-29,11.7,10.9,4.9,-0.2,7.8,LAD,ATH,Eric Lauer,Gage Jump
2026-06-29,11.3,8.0,6.0,2.8,5.9,WSN,BOS,Miles Mikolas,Ranger Suarez
2026-06-29,10.7,7.9,2.5,6.0,,MIA,COL,Sandy Alcantara,TBD
2026-06-29,10.4,8.5,4.1,4.9,3.3,CHW,BAL,Sean Burke,Shane Baz
2026-06-29,9.6,5.0,3.0,6.3,4.8,NYM,TOR,Sean Manaea,Trey Yesavage
2026-06-29,9.4,1.6,4.2,,8.1,LAA,SEA,Ryan Johnson,George Kirby
2026-06-29,8.2,3.3,7.0,2.5,3.7,CIN,MIL,Nick Lodolo,Robert Gasser
2026-06-29,7.4,3.7,4.3,4.5,2.3,SFG,ARI,Tyler Mahle,Eduardo Rodriguez
2026-06-29,6.8,2.8,3.1,5.2,2.4,MIN,HOU,Zebby Matthews,Peter Lambert
2026-06-30,18.7,4.5,10.0,12.4,10.5,DET,NYY,Tarik Skubal,Cam Schlittler
2026-06-30,15.9,9.0,8.7,,9.0,SDP,CHC,JP Sears,Matthew Boyd
2026-06-30,13.8,7.2,5.8,4.5,10.2,PIT,PHI,Bubba Chandler,Cristopher Sánchez
2026-06-30,12.9,5.6,6.2,10.3,3.8,TEX,CLE,Jacob deGrom,Tanner Bibee
2026-06-30,12.3,11.1,4.8,5.0,3.6,LAD,ATH,Justin Wrobleski,Jeffrey Springs
2026-06-30,12.2,8.0,6.1,5.6,4.7,WSN,BOS,Cade Cavalli,Connelly Early
2026-06-30,11.7,8.3,2.4,7.0,5.6,MIA,COL,Eury Pérez,Tanner Gordon
2026-06-30,11.6,5.1,3.1,9.1,6.0,NYM,TOR,Nolan McLean,Kevin Gausman
2026-06-30,11.6,7.4,6.3,5.3,4.1,STL,ATL,Matthew Liberatore,Martín Pérez
2026-06-30,10.3,1.7,4.2,7.1,7.7,LAA,SEA,José Soriano,Bryan Woo
2026-06-30,10.1,3.7,3.9,7.6,,SFG,ARI,Landen Roupp,TBD
2026-06-30,9.8,3.2,7.3,2.5,6.6,CIN,MIL,Rhett Lowder,Brandon Sproat
2026-06-30,9.7,3.6,3.1,6.6,6.1,TBR,KCR,Griffin Jax,Noah Cameron
2026-06-30,8.8,2.8,3.4,6.8,4.6,MIN,HOU,Joe Ryan,Mike Burrows
2026-06-30,8.7,8.5,3.9,0.6,4.4,CHW,BAL,Erick Fedde,Trey Gibson
2026-07-01,15.4,7.9,6.0,8.8,8.0,WSN,BOS,Andrew Alvarez,Payton Tolle
2026-07-01,15.1,7.0,5.9,10.3,7.0,PIT,PHI,Paul Skenes,Zack Wheeler
2026-07-01,12.8,9.0,8.9,5.2,2.4,SDP,CHC,Walker Buehler,Colin Rea
2026-07-01,12.2,11.3,4.6,,3.5,LAD,ATH,TBD,J.T. Ginn
2026-07-01,12.0,5.0,9.8,5.0,4.3,DET,NYY,Troy Melton,Will Warren
2026-07-01,10.6,5.3,5.9,5.4,4.6,TEX,CLE,MacKenzie Gore,Joey Cantillo
2026-07-01,10.6,8.7,2.2,5.9,4.3,MIA,COL,Max Meyer,Kyle Freeland
2026-07-01,9.9,8.7,4.1,2.1,,CHW,BAL,Noah Schultz,Dean Kremer
2026-07-01,9.7,3.1,7.4,2.3,6.5,CIN,MIL,Andrew Abbott,Shane Drohan
2026-07-01,9.5,7.3,6.2,3.8,1.7,STL,ATL,Michael McGreevy,Reynaldo López
2026-07-01,9.1,5.2,3.0,4.9,5.2,NYM,TOR,Freddy Peralta,Braydon Fisher
2026-07-01,8.8,2.5,3.5,5.7,5.8,MIN,HOU,Taj Bradley,Tatsuya Imai
2026-07-01,8.3,3.6,3.0,6.5,3.4,TBR,KCR,Shane McClanahan,Seth Lugo
2026-07-01,7.9,3.7,4.1,5.7,2.4,SFG,ARI,Trevor McDonald,Zac Gallen
2026-07-02,18.0,3.0,7.6,11.1,14.3,CIN,MIL,Chase Burns,Jacob Misiorowski
2026-07-02,15.3,8.8,11.2,2.9,7.7,SDP,LAD,Randy Vásquez,Roki Sasaki
2026-07-02,13.6,6.9,6.2,9.1,,PIT,PHI,Jared Jones,Alan Rangel
2026-07-02,12.3,8.5,6.1,6.7,3.3,CHW,CLE,Davis Martin,Slade Cecconi
2026-07-02,12.2,6.9,6.3,6.2,,STL,ATL,Dustin May,Hurston Waldrep
2026-07-02,11.5,1.4,4.4,6.5,10.6,LAA,SEA,Walbert Ureña,Bryce Miller
2026-07-02,10.5,4.7,5.4,3.0,7.8,DET,TEX,Framber Valdez,Nathan Eovaldi
2026-07-02,9.2,8.6,2.2,4.2,3.4,MIA,COL,Ryan Gusto,Michael Lorenzen
2026-07-02,7.7,3.6,2.8,5.0,4.1,TBR,KCR,Ian Seymour,Stephen Kolek
2026-07-03,16.2,9.0,11.5,3.0,9.0,SDP,LAD,Michael King,Shohei Ohtani
2026-07-03,13.8,7.5,4.2,10.9,,MIL,ARI,Kyle Harrison,Jose Cabrera
2026-07-03,13.0,8.3,6.4,1.2,10.1,CHW,CLE,Anthony Kay,Gavin Williams
2026-07-03,12.7,7.2,8.9,4.4,5.0,STL,CHC,Andre Pallante,David Peterson
2026-07-03,12.6,7.4,8.2,3.5,6.2,PIT,WSN,Mitch Keller,Foster Griffin
2026-07-03,12.4,8.4,4.6,3.9,7.8,MIA,ATH,Tyler Phillips,Jack Perkins
2026-07-03,11.5,3.2,4.1,10.5,5.2,TOR,SEA,Dylan Cease,Luis Castillo
2026-07-03,10.7,5.7,1.3,7.4,7.0,BOS,LAA,Jake Bennett,Reid Detmers
2026-07-03,9.8,5.5,6.0,5.0,3.0,NYM,ATL,Christian Scott,Grant Holmes
2026-07-03,8.3,2.7,9.4,0.0,4.5,MIN,NYY,Mike Paredes,Gerrit Cole
2026-07-03,7.6,4.2,3.2,4.2,3.6,BAL,CIN,Trevor Rogers,Brady Singer
2026-07-03,6.6,3.8,2.1,,2.2,SFG,COL,TBD,Ryan Feltner
2026-07-03,6.0,3.6,3.5,3.2,1.8,TBR,HOU,Nick Martinez,Spencer Arrighetti
2026-07-04,16.1,7.5,8.5,11.3,,PIT,WSN,Braxton Ashcraft,Carson Palmquist
2026-07-04,15.1,8.6,11.2,2.2,8.1,SDP,LAD,Griffin Canning,Yoshinobu Yamamoto
2026-07-04,14.1,8.4,6.4,5.0,8.3,CHW,CLE,Sean Burke,Parker Messick
2026-07-04,13.0,5.0,6.1,6.1,8.8,NYM,ATL,Sean Manaea,Chris Sale
2026-07-04,12.9,7.5,8.6,3.5,6.3,STL,CHC,Kyle Leahy,Shota Imanaga
2026-07-04,11.9,5.9,2.7,10.7,4.5,PHI,KCR,Jesús Luzardo,Michael Wacha
2026-07-04,11.4,2.7,9.6,5.6,,MIN,NYY,Zebby Matthews,Brendan Beck
2026-07-04,10.0,3.5,3.3,8.2,5.1,TBR,HOU,Drew Rasmussen,Hunter Brown
2026-07-04,9.7,8.7,4.6,5.5,0.5,MIA,ATH,Sandy Alcantara,Aaron Civale
2026-07-04,9.4,3.0,3.9,,6.9,TOR,SEA,Shane Bieber,Logan Gilbert
2026-07-04,8.7,4.9,5.7,3.0,3.8,DET,TEX,Jack Flaherty,Kumar Rocker
2026-07-04,8.6,7.6,4.1,4.4,0.9,MIL,ARI,Brandon Woodruff,Merrill Kelly
2026-07-04,7.9,4.4,3.3,3.0,,BAL,CIN,Brandon Young,Hunter Greene
2026-07-04,6.3,5.9,1.3,4.5,0.8,BOS,LAA,Sonny Gray,Sam Aldegheri
2026-07-04,3.4,3.5,2.6,1.2,-0.6,SFG,COL,Robbie Ray,Tomoyuki Sugano
2026-07-05,15.9,8.4,11.3,,7.1,SDP,LAD,JP Sears,Emmet Sheehan
2026-07-05,14.0,8.8,4.5,6.9,7.8,MIA,ATH,Eury Pérez,Gage Jump
2026-07-05,13.6,3.1,9.5,6.5,8.0,MIN,NYY,Joe Ryan,Ryan Weathers
2026-07-05,13.5,7.3,8.3,4.7,6.6,PIT,WSN,Bubba Chandler,Cade Cavalli
2026-07-05,11.9,4.9,6.5,8.9,3.5,NYM,ATL,Nolan McLean,Martín Pérez
2026-07-05,11.9,8.4,6.5,,3.9,CHW,CLE,Chris Murphy,Tanner Bibee
2026-07-05,11.5,7.6,8.2,5.4,1.8,STL,CHC,Matthew Liberatore,Javier Assad
2026-07-05,10.6,7.8,4.0,6.9,2.5,MIL,ARI,Brandon Sproat,Eduardo Rodriguez
2026-07-05,10.4,4.7,5.6,6.7,3.9,DET,TEX,Casey Mize,Kumar Rocker
2026-07-05,9.1,6.0,1.0,6.2,5.0,BOS,LAA,Ranger Suarez,Ryan Johnson
2026-07-05,8.6,2.6,3.9,4.6,6.0,TOR,SEA,Trey Yesavage,Emerson Hancock
2026-07-05,8.4,6.2,2.6,4.8,3.2,PHI,KCR,Aaron Nola,Luinder Avila
2026-07-05,8.3,4.0,2.4,4.4,5.7,SFG,COL,Tyler Mahle,Tanner Gordon
2026-07-05,7.0,3.6,3.3,,2.0,TBR,HOU,TBD,Peter Lambert
2026-07-05,6.1,4.6,3.3,2.8,1.5,BAL,CIN,Kyle Bradish,Nick Lodolo
2026-07-06,14.9,9.5,3.5,10.0,6.7,NYY,TBR,Cam Schlittler,Griffin Jax
2026-07-06,14.4,7.8,7.5,7.0,6.4,MIL,STL,Shane Drohan,Dustin May
2026-07-06,12.4,6.0,2.6,10.3,5.8,PHI,KCR,Cristopher Sánchez,Noah Cameron
2026-07-06,10.6,3.9,8.4,3.3,5.5,ARI,SDP,Brandon Pfaadt,Walker Buehler
2026-07-06,9.8,3.7,8.3,4.4,3.2,HOU,WSN,Mike Burrows,Miles Mikolas
2026-07-06,9.7,2.6,4.1,5.8,6.8,TOR,SFG,Kevin Gausman,Landen Roupp
2026-07-06,9.3,4.9,6.4,4.8,2.5,NYM,ATL,Freddy Peralta,Reynaldo López
2026-07-06,9.2,2.5,11.0,4.8,0.1,COL,LAD,Kyle Freeland,Eric Lauer
2026-07-07,17.2,7.6,7.2,14.6,,MIL,STL,Jacob Misiorowski,Matt Svanson
2026-07-07,14.6,6.5,7.3,,10.4,ATL,PIT,Hurston Waldrep,Paul Skenes
2026-07-07,12.8,5.9,8.5,7.9,3.3,BOS,CHW,Payton Tolle,Noah Schultz
2026-07-07,12.5,1.2,5.6,7.5,10.8,LAA,TEX,José Soriano,Jacob deGrom
2026-07-07,12.5,3.6,8.3,4.5,8.6,HOU,WSN,Tatsuya Imai,Andrew Alvarez
2026-07-07,12.3,3.9,9.5,,6.2,SEA,MIA,TBD,Max Meyer
2026-07-07,12.1,4.2,4.7,3.0,12.4,ATH,DET,J.T. Ginn,Tarik Skubal
2026-07-07,12.0,7.6,7.2,4.2,,MIL,STL,Robert Gasser,TBD
2026-07-07,11.8,8.3,4.2,8.0,3.2,CHC,BAL,Matthew Boyd,Shane Baz
2026-07-07,11.5,9.4,3.2,4.6,5.8,NYY,TBR,Will Warren,Ian Seymour
2026-07-07,10.8,2.5,10.6,2.7,5.8,COL,LAD,Michael Lorenzen,Justin Wrobleski
2026-07-07,10.5,2.2,4.3,8.8,5.7,TOR,SFG,Spencer Miles,Trevor McDonald
2026-07-07,10.2,6.9,3.2,4.2,6.1,CLE,MIN,Joey Cantillo,Taj Bradley
2026-07-07,9.4,6.0,3.3,7.6,2.0,PHI,CIN,Zack Wheeler,Andrew Abbott
2026-07-07,8.4,3.2,4.9,3.7,,KCR,NYM,Seth Lugo,TBD
2026-07-07,7.8,4.3,8.5,2.7,0.2,ARI,SDP,Zac Gallen,Germán Márquez
2026-07-08,14.6,7.7,7.0,10.8,3.7,MIL,STL,Kyle Harrison,Michael McGreevy
2026-07-08,14.0,6.2,8.2,7.7,5.9,BOS,CHW,Jake Bennett,Davis Martin
2026-07-08,13.1,6.4,7.5,3.0,9.2,ATL,PIT,Grant Holmes,Jared Jones
2026-07-08,12.8,2.5,10.6,,7.5,COL,LAD,Gabriel Hughes,Roki Sasaki
2026-07-08,12.7,3.8,9.7,8.0,3.9,SEA,MIA,George Kirby,Tyler Phillips
2026-07-08,12.6,6.1,3.3,,10.7,PHI,CIN,TBD,Chase Burns
2026-07-08,12.3,9.3,3.3,5.5,6.6,NYY,TBR,Gerrit Cole,Shane McClanahan
2026-07-08,11.6,3.7,4.7,9.7,5.1,KCR,NYM,Steven Cruz,Christian Scott
2026-07-08,11.3,2.1,4.1,10.4,5.9,TOR,SFG,Dylan Cease,Logan Webb
2026-07-08,10.5,4.2,8.7,,3.2,ARI,SDP,Jose Cabrera,Michael King
2026-07-08,10.1,3.7,8.3,2.2,6.1,HOU,WSN,Spencer Arrighetti,Foster Griffin
2026-07-08,9.8,6.7,3.2,3.4,6.5,CLE,MIN,Slade Cecconi,Connor Prielipp
2026-07-08,9.8,8.4,4.1,2.1,,CHC,BAL,Colin Rea,Dean Kremer
2026-07-08,9.5,1.0,5.8,6.3,5.8,LAA,TEX,Walbert Ureña,MacKenzie Gore
2026-07-08,8.9,4.1,4.8,2.9,6.0,ATH,DET,Jeffrey Springs,Troy Melton
2026-07-09,14.2,7.6,7.1,9.5,4.1,MIL,STL,Logan Henderson,Andre Pallante
2026-07-09,14.0,3.7,10.0,10.6,3.8,SEA,MIA,Bryce Miller,Janson Junk
2026-07-09,11.9,5.9,3.7,10.9,3.3,PHI,CIN,Jesús Luzardo,Brady Singer
2026-07-09,11.8,9.0,3.4,3.5,7.6,NYY,TBR,Paul Blackburn,Drew Rasmussen
2026-07-09,11.2,6.4,7.5,5.3,3.3,ATL,PIT,Bryce Elder,Mitch Keller
2026-07-09,11.2,6.8,3.4,10.3,2.0,CLE,MIN,Gavin Williams,Bailey Ober
2026-07-09,10.9,1.4,5.5,6.7,8.2,LAA,TEX,Reid Detmers,Nathan Eovaldi
2026-07-09,10.4,8.3,4.3,4.7,3.5,CHC,BAL,David Peterson,Trevor Rogers
2026-07-09,10.3,6.2,8.3,,1.1,BOS,CHW,Patrick Sandoval,Anthony Kay
2026-07-09,9.7,4.2,4.8,7.7,2.7,ATH,DET,Jack Perkins,Framber Valdez
2026-07-09,9.1,3.7,4.5,4.4,5.6,KCR,NYM,Michael Wacha,Sean Manaea
2026-07-09,8.1,4.0,8.8,1.4,2.1,ARI,SDP,Merrill Kelly,Griffin Canning
2026-07-09,7.2,2.1,3.6,3.6,,COL,SFG,Ryan Feltner,TBD
2026-07-10,16.7,8.0,7.5,6.8,11.1,MIL,PIT,Brandon Sproat,Braxton Ashcraft
2026-07-10,15.6,9.4,8.6,8.1,,NYY,WSN,Ryan Weathers,Carson Palmquist
2026-07-10,15.1,6.7,10.0,7.8,5.8,CLE,MIA,Parker Messick,Sandy Alcantara
2026-07-10,13.2,3.9,10.7,2.4,9.2,ARI,LAD,Eduardo Rodriguez,Shohei Ohtani
2026-07-10,12.6,6.5,6.9,8.4,3.4,ATL,STL,Chris Sale,Kyle Leahy
2026-07-10,12.0,6.2,4.6,4.6,8.6,BOS,NYM,Sonny Gray,Nolan McLean
2026-07-10,11.7,8.3,3.6,6.5,,CHC,CIN,Shota Imanaga,Hunter Greene
2026-07-10,10.4,2.1,8.6,,,TOR,SDP,Shane Bieber,JP Sears
2026-07-10,9.4,5.7,5.0,5.2,2.8,PHI,DET,Aaron Nola,Jack Flaherty
2026-07-10,8.0,3.6,8.0,-1.5,5.8,ATH,CHW,Jacob Lopez,Sean Burke
2026-07-10,7.7,3.9,3.6,5.2,2.9,SEA,TBR,Luis Castillo,Nick Martinez
2026-07-10,7.2,3.7,4.2,3.2,3.2,KCR,BAL,Luinder Avila,Brandon Young
2026-07-10,7.0,1.5,3.1,4.1,5.4,LAA,MIN,Grayson Rodriguez,Zebby Matthews
2026-07-10,6.5,1.9,4.1,5.9,1.1,COL,SFG,Tanner Gordon,Robbie Ray
2026-07-10,6.3,3.6,5.8,3.5,-0.3,HOU,TEX,Hunter Brown,Cal Quantrill
2026-07-11,16.6,7.9,7.5,6.8,11.1,MIL,PIT,Brandon Sproat,Braxton Ashcraft
2026-07-11,13.7,6.4,10.1,3.6,7.3,CLE,MIA,Tanner Bibee,Eury Pérez
2026-07-11,13.5,5.6,5.0,10.0,6.4,PHI,DET,Cristopher Sánchez,Casey Mize
2026-07-11,13.5,4.0,10.7,3.9,8.3,ARI,LAD,Brandon Pfaadt,Yoshinobu Yamamoto
2026-07-11,13.0,7.9,7.5,6.5,4.1,MIL,PIT,Shane Drohan,Bubba Chandler
2026-07-11,12.7,9.3,8.3,10.2,-2.5,NYY,WSN,Cam Schlittler,PJ Poulin
2026-07-11,11.2,3.6,8.5,6.3,4.1,ATH,CHW,Gage Jump,Bryan Hudson
2026-07-11,11.0,3.4,4.1,7.1,7.5,SEA,TBR,Logan Gilbert,Griffin Jax
2026-07-11,10.6,2.1,8.7,4.9,5.4,TOR,SDP,Trey Yesavage,Walker Buehler
2026-07-11,10.5,6.6,7.0,2.5,4.9,ATL,STL,Reynaldo López,Matthew Liberatore
2026-07-11,10.2,6.5,4.5,,4.3,BOS,NYM,TBD,Freddy Peralta
2026-07-11,8.6,1.7,2.9,5.8,6.8,LAA,MIN,Ryan Johnson,Joe Ryan
2026-07-11,8.1,3.7,4.1,5.4,2.9,KCR,BAL,Noah Cameron,Kyle Bradish
2026-07-11,7.8,1.9,4.3,4.6,4.8,COL,SFG,Kyle Freeland,Tyler Mahle
2026-07-11,7.7,7.9,4.0,1.7,1.7,CHC,CIN,Javier Assad,Nick Lodolo
2026-07-11,7.7,3.4,5.6,2.5,3.8,HOU,TEX,Peter Lambert,Kumar Rocker
2026-07-12,15.8,5.5,5.1,8.4,12.6,PHI,DET,Zack Wheeler,Tarik Skubal
2026-07-12,14.6,9.4,8.2,4.7,6.8,NYY,WSN,Will Warren,Cade Cavalli
2026-07-12,14.6,8.0,7.4,3.8,9.9,MIL,PIT,Robert Gasser,Paul Skenes
2026-07-12,13.2,4.2,10.3,,6.9,ARI,LAD,Mitch Bratt,Emmet Sheehan
2026-07-12,12.3,6.4,10.1,4.3,3.8,CLE,MIA,Joey Cantillo,Tyler Phillips
2026-07-12,11.9,6.5,4.4,8.0,,BOS,NYM,Payton Tolle,Zach Thornton
2026-07-12,11.6,8.0,4.5,8.1,2.7,CHC,CIN,Matthew Boyd,Andrew Abbott
2026-07-12,11.3,6.4,7.0,2.3,6.8,ATL,STL,JR Ritchie,Dustin May
2026-07-12,10.3,3.5,5.6,,6.5,HOU,TEX,Cristian Javier,MacKenzie Gore
2026-07-12,10.3,3.3,4.5,5.9,6.9,SEA,TBR,Emerson Hancock,Ian Seymour
2026-07-12,9.5,1.8,3.0,7.4,6.9,LAA,MIN,José Soriano,Taj Bradley
2026-07-12,8.6,3.4,8.4,3.0,2.4,ATH,CHW,J.T. Ginn,Noah Schultz
2026-07-12,8.4,2.2,8.6,5.8,0.2,TOR,SDP,Kevin Gausman,Germán Márquez
2026-07-12,7.1,3.3,4.4,3.8,2.8,KCR,BAL,Seth Lugo,Shane Baz
2026-07-12,7.1,1.8,4.1,2.6,5.6,COL,SFG,Michael Lorenzen,Trevor McDonald
2026-07-14,10.1,0.0,0.0,10.3,10.0,American League All-Stars,National League All-Stars,Dylan Cease,Cristopher Sánchez
2026-07-18,18.1,7.6,7.1,10.8,10.6,PIT,CLE,Jared Jones,Gavin Williams
2026-07-18,17.1,9.7,9.1,6.9,8.5,LAD,NYY,Emmet Sheehan,Ryan Weathers
2026-07-18,15.3,9.8,8.1,6.0,6.6,MIA,MIL,Max Meyer,Shane Drohan
2026-07-18,13.2,4.4,5.2,5.7,11.1,NYM,PHI,Sean Manaea,Jesús Luzardo
2026-07-18,12.4,2.8,7.8,7.0,7.1,MIN,CHC,Taj Bradley,Matthew Boyd
2026-07-18,12.3,7.6,7.1,,,PIT,CLE,TBD,Logan Allen
2026-07-18,11.9,5.4,7.1,6.4,,TEX,ATL,MacKenzie Gore,Owen Murphy
2026-07-18,11.1,3.9,6.6,6.7,,TBR,BOS,Ian Seymour,Patrick Sandoval
2026-07-18,10.9,8.7,2.5,5.7,,CHW,TOR,Davis Martin,Shane Bieber
2026-07-18,10.9,4.9,1.6,12.4,3.0,DET,LAA,Tarik Skubal,Grayson Rodriguez
2026-07-18,10.9,6.7,4.7,6.3,4.0,STL,ARI,Dustin May,Brandon Pfaadt
2026-07-18,10.5,4.5,2.9,5.7,7.8,SFG,SEA,Logan Webb,Bryan Woo
2026-07-18,9.9,8.9,3.2,2.7,,SDP,KCR,Griffin Canning,Randy Dobnak
2026-07-18,8.1,9.0,3.2,0.9,3.1,WSN,ATH,Zack Littell,J.T. Ginn
2026-07-18,6.4,4.6,3.3,3.6,1.2,BAL,HOU,Trevor Rogers,Spencer Arrighetti
2026-07-18,4.1,4.6,1.3,3.1,-0.7,CIN,COL,Rhett Lowder,Tomoyuki Sugano
2026-07-19,18.4,9.8,9.1,8.1,9.8,LAD,NYY,Yoshinobu Yamamoto,Cam Schlittler
2026-07-19,15.0,7.5,7.3,10.2,4.9,PIT,CLE,Paul Skenes,Joey Cantillo
2026-07-19,14.9,9.7,8.3,7.6,4.2,MIA,MIL,Eury Pérez,Robert Gasser
2026-07-19,14.4,9.8,9.1,,,LAD,NYY,TBD,TBD
2026-07-19,12.1,5.6,7.0,8.7,2.9,TEX,ATL,Nathan Eovaldi,Grant Holmes
2026-07-19,11.5,4.4,5.3,8.3,,NYM,PHI,Nolan McLean,Alan Rangel
2026-07-19,11.4,2.9,7.9,5.6,6.4,MIN,CHC,Zebby Matthews,Shota Imanaga
2026-07-19,11.0,4.2,6.5,7.0,4.3,TBR,BOS,Shane McClanahan,Sonny Gray
2026-07-19,10.5,8.5,2.4,6.3,3.8,CHW,TOR,Sean Burke,Trey Yesavage
2026-07-19,9.2,8.8,3.3,0.5,5.8,SDP,KCR,Germán Márquez,Noah Cameron
2026-07-19,8.9,4.8,1.5,6.3,5.3,DET,LAA,Casey Mize,Ryan Johnson
2026-07-19,8.8,6.7,4.5,4.0,2.4,STL,ARI,Andre Pallante,Eduardo Rodriguez
2026-07-19,8.5,8.7,3.1,6.5,-1.3,WSN,ATH,Foster Griffin,Jacob Lopez
2026-07-19,7.4,4.5,2.6,0.7,7.0,SFG,SEA,Robbie Ray,Logan Gilbert
2026-07-19,7.1,4.8,1.4,,3.0,CIN,COL,Hunter Greene,Ryan Feltner
2026-07-19,6.9,4.6,3.3,3.2,2.7,BAL,HOU,Brandon Young,Hunter Brown
2026-07-20,18.2,7.7,8.8,11.3,8.6,PIT,NYY,Braxton Ashcraft,Ryan Weathers
2026-07-20,15.8,9.6,5.1,7.0,10.0,LAD,PHI,Emmet Sheehan,Cristopher Sánchez
2026-07-20,15.8,4.3,8.2,4.3,14.8,NYM,MIL,Freddy Peralta,Jacob Misiorowski
2026-07-20,13.1,9.1,7.0,,5.1,SDP,ATL,JP Sears,Bryce Elder
2026-07-20,13.0,8.6,5.7,1.0,10.8,CHW,TEX,Erick Fedde,Jacob deGrom
2026-07-20,11.6,9.1,1.4,7.4,5.4,WSN,COL,Andrew Alvarez,Kyle Freeland
2026-07-20,11.5,4.6,6.4,3.5,8.4,BAL,BOS,Shane Baz,Payton Tolle
2026-07-20,10.4,9.5,3.1,3.0,,MIA,HOU,Janson Junk,Ronel Blanco
2026-07-20,10.1,4.7,2.4,2.8,10.3,TBR,TOR,Nick Martinez,Dylan Cease
2026-07-20,9.9,2.9,7.1,6.6,3.2,MIN,CLE,Joe Ryan,Tanner Bibee
2026-07-20,9.7,4.9,8.0,2.8,3.6,DET,CHC,Jack Flaherty,Jameson Taillon
2026-07-20,9.4,6.5,1.6,3.6,7.1,STL,LAA,Kyle Leahy,José Soriano
2026-07-20,9.1,4.6,2.9,2.5,8.2,CIN,SEA,Andrew Abbott,George Kirby
2026-07-20,8.7,4.3,3.0,5.7,4.3,SFG,KCR,Trevor McDonald,Michael Wacha
2026-07-20,7.6,3.0,4.6,2.6,,ATH,ARI,Jeffrey Springs,Mitch Bratt
2026-07-21,15.0,9.5,5.5,6.3,8.8,LAD,PHI,Justin Wrobleski,Zack Wheeler
2026-07-21,12.6,7.7,8.8,4.3,4.4,PIT,NYY,Bubba Chandler,Will Warren
2026-07-21,12.0,4.1,8.5,,6.5,NYM,MIL,Zac Thornton,Brandon Sproat
2026-07-21,11.8,9.0,7.1,4.8,2.7,SDP,ATL,Walker Buehler,Reynaldo López
2026-07-21,11.3,2.5,7.7,,7.3,MIN,CLE,Kendry Rojas,Parker Messick
2026-07-21,11.1,4.3,2.9,9.7,5.3,CIN,SEA,Chase Burns,Luis Castillo
2026-07-21,10.4,8.5,5.6,2.7,3.9,CHW,TEX,Noah Schultz,Kumar Rocker
2026-07-21,10.4,4.9,8.1,3.4,4.3,DET,CHC,Framber Valdez,David Peterson
2026-07-21,10.3,4.7,2.2,7.8,5.9,TBR,TOR,Drew Rasmussen,Kevin Gausman
2026-07-21,10.3,9.5,3.2,3.9,4.0,MIA,HOU,Tyler Phillips,Tatsuya Imai
2026-07-21,10.1,3.5,4.7,7.1,,ATH,ARI,Jack Perkins,Kohl Drake
2026-07-21,10.1,4.6,6.2,2.9,6.6,BAL,BOS,Kyle Bradish,Ranger Suarez
2026-07-21,9.5,6.4,1.5,5.1,6.0,STL,LAA,Matthew Liberatore,Walbert Ureña
2026-07-21,7.8,9.0,1.3,3.0,2.3,WSN,COL,Miles Mikolas,Michael Lorenzen
2026-07-21,7.6,4.3,3.1,4.5,3.3,SFG,KCR,Tyler Mahle,Luinder Avila
2026-07-22,13.7,4.2,8.3,6.0,8.8,NYM,MIL,Christian Scott,Logan Henderson
2026-07-22,13.1,7.9,8.9,3.3,6.1,PIT,NYY,Mitch Keller,Gerrit Cole
2026-07-22,12.2,4.7,6.3,6.3,7.0,BAL,BOS,Dean Kremer,Jake Bennett
2026-07-22,12.1,7.9,8.9,4.3,3.2,PIT,NYY,Bubba Chandler,Max Fried
2026-07-22,11.4,9.0,1.5,7.3,,WSN,COL,Cade Cavalli,Gabriel Hughes
2026-07-22,11.2,9.1,6.8,3.0,3.5,SDP,ATL,Michael King,Martín Pérez
2026-07-22,10.8,6.5,1.6,6.5,7.0,STL,LAA,Hunter Dobbins,Reid Detmers
2026-07-22,10.7,9.3,3.2,6.0,2.9,MIA,HOU,Sandy Alcantara,Peter Lambert
2026-07-22,10.0,4.8,2.3,7.4,5.5,TBR,TOR,Griffin Jax,Braydon Fisher
2026-07-22,10.0,9.5,5.5,-0.3,5.3,LAD,PHI,Eric Lauer,Aaron Nola
2026-07-22,9.9,8.3,5.7,1.0,4.7,CHW,TEX,Anthony Kay,Tyler Alexander
2026-07-22,9.6,4.8,8.4,3.5,2.6,DET,CHC,Keider Montero,Colin Rea
2026-07-22,9.4,4.7,6.3,2.9,,BAL,BOS,Kyle Bradish,TBD
2026-07-22,8.6,3.5,4.6,7.6,1.4,ATH,ARI,Gage Jump,Merrill Kelly
2026-07-22,8.4,4.1,2.9,3.8,6.0,CIN,SEA,Brady Singer,Emerson Hancock
2026-07-22,8.4,4.3,3.0,5.9,3.6,SFG,KCR,Landen Roupp,Seth Lugo
2026-07-22,8.0,2.3,7.7,2.6,3.5,MIN,CLE,Bailey Ober,Slade Cecconi
2026-07-23,14.0,2.4,7.7,6.9,11.1,MIN,CLE,Taj Bradley,Gavin Williams
2026-07-23,13.9,9.4,6.8,3.0,8.5,SDP,ATL,Kyle Hart,Chris Sale
2026-07-23,10.2,2.8,4.8,,7.9,KCR,DET,Randy Dobnak,Troy Melton
2026-07-23,9.7,5.0,6.2,4.1,4.2,ARI,STL,Brandon Pfaadt,Michael McGreevy
2026-07-23,6.1,4.7,2.2,3.4,2.0,TBR,TOR,Casey Legumina,Shane Bieber
2026-07-24,17.5,8.6,5.4,10.1,10.8,NYY,PHI,Cam Schlittler,Jesús Luzardo
2026-07-24,17.2,8.6,7.7,6.4,11.8,CHC,PIT,Matthew Boyd,Jared Jones
2026-07-24,13.9,9.7,4.3,7.9,6.0,LAD,NYM,Roki Sasaki,Sean Manaea
2026-07-24,12.7,2.9,4.7,,12.8,KCR,DET,Beck Way,Tarik Skubal
2026-07-24,12.1,2.8,6.0,9.0,6.4,SEA,TEX,Bryce Miller,MacKenzie Gore
2026-07-24,11.9,9.1,9.5,0.2,,SDP,MIA,Germán Márquez,TBD
2026-07-24,11.8,7.6,4.4,5.1,6.4,CLE,TBR,Joey Cantillo,Shane McClanahan
2026-07-24,10.9,5.1,9.3,2.4,,ARI,WSN,Eduardo Rodriguez,Carson Palmquist
2026-07-24,10.2,4.0,6.1,3.9,6.3,CIN,STL,Rhett Lowder,Dustin May
2026-07-24,9.7,6.7,4.6,3.0,,ATL,BAL,Grant Holmes,TBD
2026-07-24,9.2,3.2,8.5,1.1,5.6,HOU,CHW,Spencer Arrighetti,Davis Martin
2026-07-24,8.8,2.1,5.8,4.6,,TOR,BOS,Trey Yesavage,Patrick Sandoval
2026-07-24,8.6,1.6,8.6,-0.2,7.2,COL,MIL,Tomoyuki Sugano,Shane Drohan
2026-07-24,7.0,1.6,4.3,2.7,5.5,LAA,SFG,Grayson Rodriguez,Logan Webb
2026-07-24,5.5,3.7,2.3,-1.0,5.9,ATH,MIN,Jacob Lopez,Zebby Matthews
2026-07-25,16.0,8.3,7.4,5.9,10.3,CHC,PIT,Shota Imanaga,Paul Skenes
2026-07-25,15.5,9.9,4.3,8.1,8.7,LAD,NYM,Yoshinobu Yamamoto,Nolan McLean
2026-07-25,14.3,9.2,9.5,2.0,7.9,SDP,MIA,JP Sears,Eury Pérez
2026-07-25,13.7,8.5,5.4,8.5,,NYY,PHI,Ryan Weathers,TBD
2026-07-25,13.0,5.4,9.3,,6.4,ARI,WSN,Mitch Bratt,Foster Griffin
2026-07-25,12.4,2.7,6.1,7.7,8.4,SEA,TEX,Bryan Woo,Nathan Eovaldi
2026-07-25,11.2,2.1,6.0,10.2,4.0,TOR,BOS,Dylan Cease,Sonny Gray
2026-07-25,10.2,6.8,4.8,5.3,3.6,ATL,BAL,Bryce Elder,Brandon Young
2026-07-25,9.9,3.5,8.4,1.7,6.2,HOU,CHW,Hunter Brown,Sean Burke
2026-07-25,9.6,4.3,6.0,,3.9,CIN,STL,Hunter Greene,Andre Pallante
2026-07-25,9.1,2.8,4.8,4.2,6.4,KCR,DET,Michael Wacha,Casey Mize
2026-07-25,8.7,1.7,8.7,2.5,4.5,COL,MIL,Ryan Feltner,Robert Gasser
2026-07-25,8.7,7.5,4.2,3.2,2.4,CLE,TBR,Tanner Bibee,Nick Martinez
2026-07-25,7.8,3.4,2.3,,,ATH,MIN,Mason Barnett,TBD
2026-07-25,5.9,1.4,4.3,5.0,1.0,LAA,SFG,Ryan Johnson,Robbie Ray
2026-07-26,15.7,8.5,7.3,4.0,11.6,CHC,PIT,Jameson Taillon,Braxton Ashcraft
2026-07-26,15.3,1.4,8.9,5.4,15.0,COL,MIL,Kyle Freeland,Jacob Misiorowski
2026-07-26,14.2,8.5,5.3,4.3,10.2,NYY,PHI,Will Warren,Cristopher Sánchez
2026-07-26,13.5,2.5,6.2,7.4,10.9,SEA,TEX,Logan Gilbert,Jacob deGrom
2026-07-26,13.4,7.4,4.3,7.4,7.6,CLE,TBR,Parker Messick,Drew Rasmussen
2026-07-26,13.3,9.4,9.6,4.2,3.4,SDP,MIA,Walker Buehler,Janson Junk
2026-07-26,12.7,9.8,4.2,6.9,4.6,LAD,NYM,Emmet Sheehan,Freddy Peralta
2026-07-26,11.3,5.2,9.4,,3.0,ARI,WSN,Kohl Drake,Miles Mikolas
2026-07-26,10.1,2.4,5.7,5.6,6.6,TOR,BOS,Kevin Gausman,Ranger Suarez
2026-07-26,9.1,6.9,4.8,2.8,3.7,ATL,BAL,Reynaldo López,Shane Baz
2026-07-26,9.1,1.5,4.4,7.2,,LAA,SFG,José Soriano,Carson Whisenhunt
2026-07-26,9.0,3.4,8.3,,1.4,HOU,CHW,Ronel Blanco,Erick Fedde
2026-07-26,8.5,4.3,6.1,2.6,4.0,CIN,STL,Andrew Abbott,Kyle Leahy
2026-07-26,7.4,3.3,2.5,2.5,6.5,ATH,MIN,Jeffrey Springs,Connor Prielipp
2026-07-26,7.2,2.7,4.6,3.9,3.3,KCR,DET,Luinder Avila,Framber Valdez
2026-07-27,14.0,5.5,9.6,9.1,3.9,PHI,MIA,Zack Wheeler,Tyler Phillips
2026-07-27,12.3,7.2,4.2,3.3,9.8,CLE,CIN,Slade Cecconi,Chase Burns
2026-07-27,12.2,5.7,3.2,8.8,6.8,BOS,ATH,Payton Tolle,Jack Perkins
2026-07-27,12.0,8.7,8.6,3.9,3.0,NYY,CHW,Max Fried,Noah Schultz
2026-07-27,12.0,9.2,4.4,6.1,4.3,MIL,SFG,Brandon Sproat,Tyler Mahle
2026-07-27,12.0,8.6,6.0,4.3,,CHC,STL,David Peterson,TBD
2026-07-27,10.2,2.9,5.9,7.9,3.7,SEA,TEX,George Kirby,Kumar Rocker
2026-07-27,9.7,6.7,4.4,3.3,,ATL,NYM,Martín Pérez,Zac Thornton
2026-07-27,8.5,5.1,7.2,1.6,3.1,ARI,PIT,Merrill Kelly,Mitch Keller
2026-07-27,8.5,2.4,9.5,-1.7,6.8,TOR,WSN,Max Scherzer,Andrew Alvarez
2026-07-27,8.1,4.8,4.7,2.8,4.0,BAL,DET,Kyle Bradish,Keider Montero
2026-07-27,7.6,3.1,1.6,4.0,6.4,HOU,LAA,Tatsuya Imai,Walbert Ureña
2026-07-28,15.0,9.0,4.7,9.9,6.4,MIL,SFG,Logan Henderson,Landen Roupp
2026-07-28,13.9,7.2,4.1,11.5,,CLE,CIN,Gavin Williams,TBD
2026-07-28,13.1,5.4,9.8,5.2,5.8,PHI,MIA,Aaron Nola,Sandy Alcantara
2026-07-28,13.0,6.3,5.0,9.0,5.9,ATL,NYM,Chris Sale,Christian Scott
2026-07-28,13.0,8.9,8.6,7.3,1.2,NYY,CHW,Gerrit Cole,Anthony Kay
2026-07-28,12.2,7.2,4.1,3.3,9.9,CLE,CIN,Slade Cecconi,Chase Burns
2026-07-28,11.7,4.8,4.6,6.6,7.4,BAL,DET,Dean Kremer,Troy Melton
2026-07-28,11.5,5.4,2.9,7.2,7.4,BOS,ATH,Jake Bennett,Gage Jump
2026-07-28,11.4,6.1,4.5,,7.2,TEX,TBR,TBD,Griffin Jax
2026-07-28,11.4,8.7,6.3,2.8,,CHC,STL,Colin Rea,TBD
2026-07-28,11.1,3.0,9.4,4.8,,SEA,LAD,Luis Castillo,TBD
2026-07-28,10.8,2.4,9.6,2.4,7.2,TOR,WSN,Shane Bieber,Cade Cavalli
2026-07-28,10.0,5.0,7.2,3.2,4.7,ARI,PIT,Brandon Pfaadt,Bubba Chandler
2026-07-28,8.1,1.1,9.4,2.7,3.0,COL,SDP,Michael Lorenzen,Michael King
2026-07-28,7.8,2.6,2.6,3.7,6.6,KCR,MIN,Seth Lugo,Taj Bradley
2026-07-28,7.0,3.0,1.6,2.5,7.0,HOU,LAA,Peter Lambert,Reid Detmers
2026-07-29,16.5,8.6,8.6,10.4,5.3,NYY,CHW,Cam Schlittler,Davis Martin
2026-07-29,15.0,5.3,9.8,10.6,4.2,PHI,MIA,Jesús Luzardo,Ryan Gusto
2026-07-29,13.4,8.7,6.3,5.3,6.4,CHC,STL,Matthew Boyd,Dustin May
2026-07-29,13.4,4.8,4.5,4.6,12.9,BAL,DET,Trevor Rogers,Tarik Skubal
2026-07-29,13.0,6.1,4.9,9.0,5.9,ATL,NYM,Chris Sale,Christian Scott
2026-07-29,12.6,5.0,7.3,2.4,10.5,ARI,PIT,Eduardo Rodriguez,Jared Jones
2026-07-29,12.0,8.8,4.4,,5.7,MIL,SFG,Thomas Pannone,Logan Webb
2026-07-29,10.8,6.1,4.9,,5.5,ATL,NYM,AJ Smith-Shawver,Sean Manaea
2026-07-29,10.4,7.2,4.1,5.2,4.3,CLE,CIN,Joey Cantillo,Brady Singer
2026-07-29,10.2,6.3,4.2,6.5,3.4,TEX,TBR,MacKenzie Gore,Casey Legumina
2026-07-29,9.6,1.1,9.6,,3.6,COL,SDP,Gabriel Hughes,Kyle Hart
2026-07-29,9.2,3.2,9.4,5.8,0.0,SEA,LAD,Emerson Hancock,Eric Lauer
2026-07-29,9.1,2.5,9.5,5.3,0.9,TOR,WSN,Trey Yesavage,Zack Littell
2026-07-29,8.5,2.6,2.9,,6.4,KCR,MIN,Randy Dobnak,Joe Ryan
2026-07-29,6.2,3.2,1.4,,2.8,HOU,LAA,Hayden Wesneski,Grayson Rodriguez
2026-07-29,5.8,5.6,2.9,,-1.9,BOS,ATH,Patrick Sandoval,Jacob Lopez
2026-07-30,16.2,8.5,8.5,8.8,6.7,NYY,CHW,Ryan Weathers,Sean Burke
2026-07-30,15.4,9.8,4.8,7.5,8.6,MIA,NYM,Eury Pérez,Nolan McLean
2026-07-30,14.4,3.1,9.5,7.9,8.2,SEA,LAD,Bryan Woo,Roki Sasaki
2026-07-30,11.7,9.4,6.1,4.8,3.0,WSN,ATL,Jake Irvin,Grant Holmes
2026-07-30,11.0,6.3,4.4,,6.3,TEX,TBR,Cole Winn,Shane McClanahan
2026-07-30,10.8,9.1,5.8,2.3,4.4,CHC,STL,Javier Assad,Andre Pallante
2026-07-30,10.5,4.6,9.4,,1.9,SFG,SDP,TBD,JP Sears
2026-07-30,10.2,7.3,4.1,,4.0,PIT,CIN,Yohan Ramírez,Rhett Lowder
2026-07-30,9.2,5.9,3.1,4.3,,BOS,ATH,Sonny Gray,Mason Barnett
2026-07-30,7.1,3.0,2.9,5.8,2.4,KCR,MIN,Noah Cameron,Bailey Ober
2026-07-31,17.3,7.3,4.3,10.8,12.2,PIT,CIN,Paul Skenes,Hunter Greene
2026-07-31,14.3,8.5,9.2,5.0,5.8,NYY,CHC,Will Warren,Shota Imanaga
2026-07-31,14.2,4.8,8.8,,9.7,SFG,SDP,Carson Whisenhunt,Bradgley Rodriguez
2026-07-31,13.6,5.8,9.5,6.8,,BOS,LAD,Ranger Suarez,Edgardo Henriquez
2026-07-31,13.5,9.5,6.0,6.1,5.3,WSN,ATL,Foster Griffin,Bryce Elder
2026-07-31,11.5,10.0,4.9,3.6,4.5,MIA,NYM,Janson Junk,Freddy Peralta
2026-07-31,11.3,5.8,2.4,4.4,10.1,STL,TOR,Kyle Leahy,Dylan Cease
2026-07-31,11.1,8.9,1.5,7.0,4.9,MIL,LAA,Shane Drohan,Ryan Johnson
2026-07-31,10.4,6.1,3.1,8.5,3.0,TEX,HOU,Nathan Eovaldi,Hunter Brown
2026-07-31,10.1,4.8,7.3,,3.2,ARI,CLE,Mitch Bratt,Tanner Bibee
2026-07-31,9.6,5.5,4.9,,3.8,PHI,BAL,TBD,Brandon Young
2026-07-31,9.6,2.6,3.2,5.5,7.9,MIN,SEA,Zebby Matthews,Bryce Miller
2026-07-31,8.4,8.4,4.5,1.2,2.6,CHW,TBR,Erick Fedde,Nick Martinez
2026-07-31,7.5,4.5,3.1,,2.4,DET,ATH,TBD,Jeffrey Springs
2026-07-31,4.0,3.0,0.9,3.9,0.1,KCR,COL,Michael Wacha,Tomoyuki Sugano
2026-08-01,16.2,5.9,9.5,9.1,7.9,BOS,LAD,Payton Tolle,Yoshinobu Yamamoto
2026-08-01,13.2,7.3,4.9,11.7,2.6,PIT,CIN,Braxton Ashcraft,Andrew Abbott
2026-08-01,13.0,8.4,4.7,,7.9,CHW,TBR,Jordan Hicks,Drew Rasmussen
2026-08-01,12.8,8.4,9.1,3.9,4.4,NYY,CHC,Max Fried,David Peterson
2026-08-01,12.5,6.0,3.3,10.6,,TEX,HOU,Jacob deGrom,Ronel Blanco
2026-08-01,12.3,4.8,7.3,,7.6,ARI,CLE,Kohl Drake,Parker Messick
2026-08-01,12.2,5.4,4.9,10.3,3.8,PHI,BAL,Cristopher Sánchez,Shane Baz
2026-08-01,11.8,9.9,4.9,3.9,,MIA,NYM,Tyler Phillips,Zac Thornton
2026-08-01,11.4,4.6,9.1,4.4,4.7,SFG,SDP,Tyler Mahle,Walker Buehler
2026-08-01,11.1,9.0,1.2,4.9,7.1,MIL,LAA,Robert Gasser,José Soriano
2026-08-01,10.8,9.7,6.2,2.9,2.8,WSN,ATL,Miles Mikolas,Reynaldo López
2026-08-01,9.8,2.6,3.0,6.6,7.4,MIN,SEA,Connor Prielipp,Logan Gilbert
2026-08-01,9.5,5.6,2.5,,5.9,STL,TOR,Quinn Mathews,Kevin Gausman
2026-08-01,8.5,4.7,2.7,3.1,6.5,DET,ATH,Framber Valdez,Jack Perkins
2026-08-01,5.1,3.1,0.7,3.3,3.1,KCR,COL,Luinder Avila,Ryan Feltner
2026-08-02,16.4,9.4,1.2,15.7,6.5,MIL,LAA,Jacob Misiorowski,Walbert Ureña
2026-08-02,14.5,5.7,9.5,7.0,6.7,BOS,LAD,Jake Bennett,Emmet Sheehan
2026-08-02,13.3,8.2,9.1,7.0,2.4,NYY,CHC,Gerrit Cole,Colin Rea
2026-08-02,12.9,4.7,7.2,1.9,12.0,ARI,CLE,Merrill Kelly,Gavin Williams
2026-08-02,12.6,9.7,4.7,5.9,,MIA,NYM,Sandy Alcantara,Robert Stock
2026-08-02,12.6,9.5,6.2,7.0,2.5,WSN,ATL,Cade Cavalli,JR Ritchie
2026-08-02,12.5,7.3,4.9,3.3,9.7,PIT,CIN,Mitch Keller,Chase Burns
2026-08-02,11.7,4.6,9.3,6.1,3.2,SFG,SDP,Landen Roupp,Michael King
2026-08-02,11.2,5.5,4.9,9.2,2.8,PHI,BAL,Zack Wheeler,Kyle Bradish
2026-08-02,11.0,8.3,4.7,1.5,7.5,CHW,TBR,Anthony Kay,Griffin Jax
2026-08-02,10.4,2.5,3.2,7.0,8.2,MIN,SEA,Taj Bradley,George Kirby
2026-08-02,9.2,4.6,2.9,3.9,7.1,DET,ATH,Keider Montero,Gage Jump
2026-08-02,8.1,5.9,3.4,4.0,2.8,TEX,HOU,Kumar Rocker,Peter Lambert
2026-08-02,6.5,3.2,0.8,3.5,5.5,KCR,COL,Seth Lugo,Kyle Freeland
2026-08-02,5.9,5.4,2.4,5.7,-1.8,STL,TOR,Matthew Liberatore,Max Scherzer
2026-08-03,14.4,9.4,9.3,,5.2,LAD,CHC,TBD,Matthew Boyd
2026-08-03,13.8,5.3,8.2,3.7,10.5,STL,NYY,Michael McGreevy,Cam Schlittler
2026-08-03,13.4,7.0,9.2,4.8,5.9,PIT,MIL,Bubba Chandler,Brandon Sproat
2026-08-03,13.1,9.5,5.6,6.0,5.1,WSN,PHI,Andrew Alvarez,Aaron Nola
2026-08-03,10.6,4.8,5.7,5.7,,SFG,TEX,Logan Webb,TBD
2026-08-03,10.3,9.2,4.8,3.2,3.3,SDP,ARI,Michael King,Brandon Pfaadt
2026-08-03,7.4,4.9,0.9,6.3,2.7,TBR,COL,Ian Seymour,Michael Lorenzen
2026-08-03,3.2,2.3,3.7,0.9,-0.5,TOR,HOU,Shane Bieber,Cristian Javier
2026-08-04,17.8,6.9,9.2,9.8,9.8,PIT,MIL,Jared Jones,Logan Henderson
2026-08-04,16.9,9.2,9.4,12.5,2.8,LAD,CHC,Tarik Skubal,Javier Assad
2026-08-04,14.0,5.5,8.1,6.0,8.4,STL,NYY,Hunter Dobbins,Ryan Weathers
2026-08-04,13.2,9.2,5.7,0.9,10.6,WSN,PHI,Zack Littell,Jesús Luzardo
2026-08-04,12.3,8.4,5.9,5.4,,CHW,BOS,Davis Martin,Patrick Sandoval
2026-08-04,12.1,9.8,6.3,5.1,3.0,MIA,ATL,Ryan Gusto,Grant Holmes
2026-08-04,11.3,4.7,7.3,5.2,5.4,NYM,CLE,Sean Manaea,Joey Cantillo
2026-08-04,11.0,4.6,5.8,,6.6,SFG,TEX,Blade Tidwell,MacKenzie Gore
2026-08-04,9.4,9.0,4.8,2.6,2.4,SDP,ARI,Randy Vásquez,Eduardo Rodriguez
2026-08-04,9.4,4.6,3.2,,5.9,DET,SEA,TBD,Emerson Hancock
2026-08-04,8.2,2.3,4.0,5.1,,TOR,HOU,Trey Yesavage,Hayden Wesneski
2026-08-04,7.9,5.0,0.8,4.6,5.5,TBR,COL,Freddy Peralta,Gabriel Hughes
2026-08-04,7.6,2.8,5.2,3.2,3.9,ATH,CIN,J.T. Ginn,Brady Singer
2026-08-04,7.6,2.7,3.0,6.2,3.1,MIN,KCR,Joe Ryan,Randy Dobnak
2026-08-04,7.1,1.0,4.8,3.5,,LAA,BAL,Grayson Rodriguez,TBD
2026-08-05,18.9,7.0,9.2,11.0,10.6,PIT,MIL,Paul Skenes,Kyle Harrison
2026-08-05,14.3,9.6,6.4,7.6,4.9,MIA,ATL,Eury Pérez,Bryce Elder
2026-08-05,12.8,8.1,6.2,6.8,4.4,CHW,BOS,Sean Burke,Sonny Gray
2026-08-05,12.6,9.2,5.7,4.2,6.0,WSN,PHI,Jake Irvin,Andrew Painter
2026-08-05,12.2,4.9,3.0,8.4,8.1,DET,SEA,Drew Anderson,Bryan Woo
2026-08-05,12.2,8.8,9.7,0.0,6.0,LAD,CHC,Eric Lauer,Shota Imanaga
2026-08-05,11.5,5.4,8.2,4.3,5.0,STL,NYY,Andre Pallante,Will Warren
2026-08-05,11.0,5.0,7.6,6.2,3.0,NYM,CLE,Christian Scott,Tanner Bibee
2026-08-05,10.2,4.5,5.8,,,SFG,TEX,Carson Whisenhunt,Cody Bradford
2026-08-05,9.2,1.1,4.9,7.4,5.0,LAA,BAL,Reid Detmers,Trevor Rogers
2026-08-05,8.5,2.8,2.9,5.6,5.8,MIN,KCR,Dean Kremer,Noah Cameron
2026-08-05,8.1,9.0,4.6,6.0,-3.5,SDP,ARI,Casey Mize,Mitch Bratt
2026-08-05,6.4,2.0,3.9,3.7,3.3,TOR,HOU,Jameson Taillon,Hunter Brown
2026-08-05,5.2,2.7,5.0,-1.4,4.2,ATH,CIN,Jacob Lopez,Rhett Lowder
2026-08-05,4.6,5.1,0.9,2.8,0.3,TBR,COL,Nick Martinez,Tomoyuki Sugano
2026-08-07,13.5,7.3,8.1,7.7,4.0,CLE,CHW,Parker Messick,Noah Schultz
2026-08-07,13.2,5.2,9.3,,7.0,CIN,WSN,TBD,Cade Cavalli
2026-08-07,12.8,2.6,9.4,6.3,7.2,MIN,MIL,Zebby Matthews,Shane Drohan
2026-08-07,12.5,2.6,6.2,6.9,9.4,ATH,BOS,Jack Perkins,Payton Tolle
2026-08-07,12.1,1.9,5.7,7.2,9.4,TOR,PHI,José Soriano,Zack Wheeler
2026-08-07,12.0,5.3,2.9,8.3,7.5,TBR,SEA,Drew Rasmussen,Logan Gilbert
2026-08-07,11.8,8.9,4.4,8.5,1.9,LAD,ARI,Roki Sasaki,Merrill Kelly
2026-08-07,11.7,6.6,8.0,4.8,4.1,ATL,NYY,Tyler Mahle,Max Fried
2026-08-07,11.5,5.0,5.8,3.9,8.4,BAL,TEX,Shane Baz,Nathan Eovaldi
2026-08-07,11.4,9.9,2.8,,,CHC,KCR,TBD,Daniel Lynch IV
2026-08-07,10.5,5.4,6.7,,4.0,NYM,PIT,Zac Thornton,Carmen Mlodzinski
2026-08-07,9.6,3.8,9.3,,1.2,HOU,SDP,Ronel Blanco,Robbie Ray
2026-08-07,9.6,1.0,9.1,,4.1,LAA,MIA,George Klassen,Tyler Phillips
2026-08-07,9.0,4.8,4.7,3.7,,DET,SFG,Keider Montero,TBD
2026-08-07,6.8,0.9,5.4,2.9,4.3,COL,STL,Ryan Feltner,Kyle Leahy
2026-08-08,15.3,6.5,7.9,9.5,6.8,ATL,NYY,Chris Sale,Gerrit Cole
2026-08-08,15.2,5.5,9.3,9.9,5.7,CIN,WSN,Chase Burns,Andrew Alvarez
2026-08-08,14.6,7.2,7.9,12.5,1.7,CLE,CHW,Gavin Williams,Anthony Kay
2026-08-08,12.1,2.9,9.6,6.6,5.1,MIN,MIL,Taj Bradley,Robert Gasser
2026-08-08,12.1,8.7,4.5,7.8,3.2,LAD,ARI,Yoshinobu Yamamoto,Brandon Pfaadt
2026-08-08,12.1,5.5,2.7,8.2,7.6,TBR,SEA,Griffin Jax,George Kirby
2026-08-08,11.8,4.9,5.7,2.7,10.3,BAL,TEX,Kyle Bradish,Jacob deGrom
2026-08-08,11.5,1.0,9.2,6.9,5.9,LAA,MIA,Walbert Ureña,Sandy Alcantara
2026-08-08,11.1,5.6,6.8,,4.9,NYM,PIT,Robert Stock,Bubba Chandler
2026-08-08,11.1,2.2,6.3,7.0,6.8,ATH,BOS,Gage Jump,Jake Bennett
2026-08-08,10.4,9.8,2.6,5.4,3.0,CHC,KCR,Clay Holmes,Seth Lugo
2026-08-08,10.2,4.8,4.4,,6.2,DET,SFG,Jackson Jobe,Landen Roupp
2026-08-08,9.7,4.1,9.1,3.0,3.2,HOU,SDP,Peter Lambert,Michael King
2026-08-08,9.0,0.9,5.5,5.6,6.0,COL,STL,Kyle Freeland,Matthew Liberatore
2026-08-08,6.4,2.2,5.7,-0.0,5.0,TOR,PHI,Max Scherzer,Aaron Nola
2026-08-09,17.4,2.7,9.9,6.4,16.0,MIN,MIL,Connor Prielipp,Jacob Misiorowski
2026-08-09,14.0,6.2,8.1,3.3,10.5,ATL,NYY,Grant Holmes,Cam Schlittler
2026-08-09,13.7,5.3,7.0,5.1,10.0,NYM,PIT,Sean Manaea,Jared Jones
2026-08-09,12.8,7.4,7.8,5.4,5.0,CLE,CHW,Joey Cantillo,Davis Martin
2026-08-09,12.5,5.4,9.4,4.3,6.0,CIN,WSN,Brady Singer,Brad Lord
2026-08-09,11.2,4.9,4.1,7.5,5.8,DET,SFG,Troy Melton,Logan Webb
2026-08-09,11.1,8.7,4.4,6.5,2.6,LAD,ARI,Justin Wrobleski,Eduardo Rodriguez
2026-08-09,9.8,1.0,9.0,4.1,5.4,LAA,MIA,Grayson Rodriguez,Ryan Gusto
2026-08-09,9.8,9.7,2.8,5.0,2.1,CHC,KCR,Matthew Boyd,Randy Dobnak
2026-08-09,9.7,5.4,3.0,,6.1,TBR,SEA,TBD,Emerson Hancock
2026-08-09,9.3,2.1,5.7,0.6,10.3,TOR,PHI,Shane Bieber,Jesús Luzardo
2026-08-09,9.1,4.1,9.1,-0.2,,HOU,SDP,Cristian Javier,TBD
2026-08-09,9.0,4.8,5.6,3.5,4.1,BAL,TEX,Cade Povich,Kumar Rocker
2026-08-09,8.5,2.3,6.5,3.3,,ATH,BOS,J.T. Ginn,TBD
2026-08-09,6.4,1.3,5.5,2.4,3.6,COL,STL,Michael Lorenzen,Michael McGreevy
2026-08-10,17.3,9.9,9.5,9.8,5.4,MIL,SDP,Logan Henderson,Casey Mize
2026-08-10,14.6,2.6,8.6,6.0,12.0,KCR,LAD,Noah Cameron,Tarik Skubal
2026-08-10,11.6,5.7,5.6,6.2,5.6,PHI,STL,Andrew Painter,Hunter Dobbins
2026-08-10,11.2,5.4,5.9,6.4,4.8,NYM,ATL,Christian Scott,Bryce Elder
2026-08-10,10.2,5.5,0.9,6.5,7.5,TEX,LAA,MacKenzie Gore,Reid Detmers
2026-08-10,9.2,1.4,4.3,6.3,6.4,COL,ARI,Gabriel Hughes,Michael Soroka
2026-08-10,9.1,5.2,2.6,5.6,4.8,BAL,MIN,Trevor Rogers,Dean Kremer
2026-08-10,8.9,3.7,4.0,,,HOU,SFG,Hayden Wesneski,Blade Tidwell
2026-08-10,8.4,6.4,2.1,4.5,3.8,BOS,TOR,Sonny Gray,Jameson Taillon
2026-08-10,5.9,5.6,2.4,4.5,-0.7,TBR,ATH,Freddy Peralta,Jacob Lopez
2026-08-11,17.5,9.7,9.6,11.3,4.5,MIL,SDP,Kyle Harrison,Walker Buehler
2026-08-11,17.5,6.9,9.2,10.9,7.9,PIT,MIA,Paul Skenes,Eury Pérez
2026-08-11,15.2,10.0,9.4,6.1,,CHC,WSN,Shota Imanaga,TBD
2026-08-11,13.8,3.0,8.2,7.9,8.5,SEA,NYY,Bryan Woo,Ryan Weathers
2026-08-11,12.8,5.8,5.6,10.0,4.3,PHI,STL,Cristopher Sánchez,Andre Pallante
2026-08-11,12.0,5.4,5.8,8.9,3.8,NYM,ATL,Nolan McLean,Martín Pérez
2026-08-11,11.6,7.2,4.9,3.6,7.6,CLE,DET,Tanner Bibee,Drew Anderson
2026-08-11,10.9,6.5,2.3,2.9,10.2,BOS,TOR,Patrick Sandoval,Dylan Cease
2026-08-11,10.7,5.2,7.9,1.6,6.6,CIN,CHW,Nick Lodolo,Sean Burke
2026-08-11,10.0,2.7,8.5,3.9,,KCR,LAD,Michael Wacha,Blake Snell
2026-08-11,8.2,3.6,3.8,4.1,,HOU,SFG,Hunter Brown,TBD
2026-08-11,7.2,5.5,2.4,2.8,3.7,TBR,ATH,Nick Martinez,Mason Barnett
2026-08-11,6.9,5.4,1.0,,2.5,TEX,LAA,Cody Bradford,Ryan Johnson
2026-08-11,6.8,5.0,2.8,3.7,2.1,BAL,MIN,Brandon Young,Bailey Ober
2026-08-11,2.4,1.4,4.5,0.1,-1.2,COL,ARI,Tomoyuki Sugano,Mitch Bratt
2026-08-12,14.7,10.1,9.5,4.8,,CHC,WSN,David Peterson,Jackson Kent
2026-08-12,13.0,9.6,9.8,5.7,1.0,MIL,SDP,Dustin May,Robbie Ray
2026-08-12,12.5,5.6,5.6,9.0,4.9,PHI,STL,Zack Wheeler,Kyle Leahy
2026-08-12,11.8,2.8,8.1,7.2,5.5,SEA,NYY,Bryce Miller,Will Warren
2026-08-12,11.4,6.8,9.1,3.8,3.1,PIT,MIA,Carmen Mlodzinski,Janson Junk
2026-08-12,11.4,5.7,2.2,8.5,6.4,TBR,ATH,Drew Rasmussen,Jack Perkins
2026-08-12,11.2,6.6,2.1,6.6,7.1,BOS,TOR,Ranger Suarez,José Soriano
2026-08-12,11.0,5.1,7.8,3.9,5.2,CIN,CHW,Rhett Lowder,Luis Castillo
2026-08-12,10.6,5.4,5.9,,5.0,NYM,ATL,Zac Thornton,Tyler Mahle
2026-08-12,10.5,7.5,4.4,5.8,3.3,CLE,DET,Foster Griffin,Framber Valdez
2026-08-12,9.2,5.3,2.8,4.1,6.2,BAL,MIN,Shane Baz,Zebby Matthews
2026-08-12,8.7,3.5,4.0,,,HOU,SFG,Bryan King,TBD
2026-08-12,7.9,2.5,8.5,5.1,-0.2,KCR,LAD,Daniel Lynch IV,Eric Lauer
2026-08-12,5.9,5.5,0.9,0.3,,TEX,LAA,Cal Quantrill,George Klassen
2026-08-12,5.3,1.5,4.8,2.5,1.7,COL,ARI,Ryan Feltner,Merrill Kelly
2026-08-13,16.8,9.5,8.6,6.8,8.7,MIL,LAD,Shane Drohan,Roki Sasaki
2026-08-13,16.2,10.1,9.3,5.7,7.3,CHC,WSN,Kevin Gausman,Cade Cavalli
2026-08-13,15.9,6.4,9.2,11.9,4.3,PIT,MIA,Braxton Ashcraft,Tyler Phillips
2026-08-13,12.0,5.5,1.0,10.7,6.7,TEX,LAA,Jacob deGrom,Walbert Ureña
2026-08-13,11.8,7.7,4.3,7.9,3.6,CLE,DET,Parker Messick,Keider Montero
2026-08-13,11.4,2.9,8.3,7.3,4.4,SEA,NYY,Logan Gilbert,Max Fried
2026-08-13,10.2,5.5,2.9,5.2,6.8,PHI,MIN,Aaron Nola,Taj Bradley
2026-08-13,10.0,4.8,7.9,2.2,5.1,CIN,CHW,Andrew Abbott,Davis Martin
2026-08-13,10.0,6.6,2.2,10.4,0.7,BOS,TOR,Payton Tolle,Max Scherzer
2026-08-14,16.7,9.9,7.7,3.4,12.3,SDP,CLE,Michael King,Gavin Williams
2026-08-14,15.0,9.5,8.5,4.5,7.6,MIL,LAD,Robert Gasser,Yoshinobu Yamamoto
2026-08-14,14.9,9.0,5.0,6.0,9.8,MIA,CIN,Sandy Alcantara,Chase Burns
2026-08-14,13.1,5.6,9.9,5.7,5.1,STL,CHC,Matthew Liberatore,Clay Holmes
2026-08-14,12.5,9.4,5.5,5.2,,WSN,NYM,Andrew Alvarez,Robert Stock
2026-08-14,12.3,6.4,6.5,6.5,5.2,BOS,PIT,Jake Bennett,Bubba Chandler
2026-08-14,11.6,7.9,4.5,5.7,,CHW,DET,Sean Newcomb,Jackson Jobe
2026-08-14,10.5,5.0,5.9,,5.1,BAL,TBR,TBD,Steven Matz
2026-08-14,9.5,4.9,6.0,3.0,,ARI,ATL,Brandon Pfaadt,TBD
2026-08-14,9.0,8.1,2.0,7.3,0.7,NYY,TOR,Gerrit Cole,Shane Bieber
2026-08-14,8.5,5.4,2.1,4.5,,TEX,ATH,Kumar Rocker,TBD
2026-08-14,8.4,3.0,3.5,7.3,2.8,SEA,HOU,George Kirby,Peter Lambert
2026-08-14,8.2,1.4,4.1,5.3,5.6,COL,SFG,Kyle Freeland,Landen Roupp
2026-08-14,5.9,2.4,1.2,3.3,4.8,KCR,LAA,Seth Lugo,Grayson Rodriguez
2026-08-15,20.2,9.4,8.8,16.0,6.2,MIL,LAD,Jacob Misiorowski,Justin Wrobleski
2026-08-15,14.3,10.2,7.8,,5.5,SDP,CLE,TBD,Joey Cantillo
2026-08-15,13.4,9.3,5.4,6.5,5.6,WSN,NYM,Brad Lord,Sean Manaea
2026-08-15,13.3,6.0,6.6,4.2,9.8,BOS,PIT,Sonny Gray,Jared Jones
2026-08-15,13.3,5.8,2.9,10.9,6.9,PHI,MIN,Jesús Luzardo,Connor Prielipp
2026-08-15,12.3,8.1,2.0,10.9,3.6,NYY,TOR,Cam Schlittler,Braydon Fisher
2026-08-15,11.7,5.4,9.8,3.5,4.6,STL,CHC,Michael McGreevy,Matthew Boyd
2026-08-15,11.6,8.8,5.0,5.2,4.2,MIA,CIN,Ryan Gusto,Brady Singer
2026-08-15,11.1,8.2,4.6,1.8,7.6,CHW,DET,Anthony Kay,Troy Melton
2026-08-15,10.4,4.9,5.7,3.1,7.0,BAL,TBR,Kyle Bradish,Ian Seymour
2026-08-15,8.7,3.1,3.5,5.8,,SEA,HOU,Emerson Hancock,Hayden Wesneski
2026-08-15,8.6,5.1,2.3,6.8,3.0,TEX,ATH,MacKenzie Gore,J.T. Ginn
2026-08-15,8.6,5.1,5.7,3.0,3.4,ARI,ATL,Eduardo Rodriguez,Grant Holmes
2026-08-15,6.8,2.4,1.1,2.7,7.3,KCR,LAA,Randy Dobnak,Reid Detmers
2026-08-15,6.5,1.5,4.1,2.1,5.3,COL,SFG,Michael Lorenzen,Logan Webb
